<?xml version="1.0" encoding="UTF-8"?>
<beans xmlns="http://www.springframework.org/schema/beans"
	xmlns:context="http://www.springframework.org/schema/context"
	xmlns:util="http://www.springframework.org/schema/util" xmlns:p="http://www.springframework.org/schema/p"
	xmlns:c="http://www.springframework.org/schema/c" xmlns:xsi="http://www.w3.org/2001/XMLSchema-instance"
	xsi:schemaLocation="http://www.springframework.org/schema/beans http://www.springframework.org/schema/beans/spring-beans.xsd
                           http://www.springframework.org/schema/context http://www.springframework.org/schema/context/spring-context.xsd
                           http://www.springframework.org/schema/util http://www.springframework.org/schema/util/spring-util.xsd"

	default-init-method="initialize" default-destroy-method="destroy">

    <bean class="org.springframework.context.support.PropertySourcesPlaceholderConfigurer"
        p:placeholderPrefix="%{" p:placeholderSuffix="}" />

    <bean class="net.shibboleth.idp.profile.impl.ProfileActionBeanPostProcessor" />
    <bean class="net.shibboleth.ext.spring.config.IdentifiableBeanPostProcessor" />

	<bean id="Shibboleth.C14N.LegacyPrincipalConnector"
		class="net.shibboleth.idp.saml.nameid.impl.LegacyCanonicalization"
		scope="prototype" c:resolverService-ref="shibboleth.AttributeResolverService"/>

    <bean id="Shibboleth.C14N.SAML2Transient"
            class="net.shibboleth.idp.saml.nameid.impl.NameIDCanonicalization" scope="prototype">
        <property name="decoder">
            <bean class="net.shibboleth.idp.saml.nameid.impl.TransientNameIDDecoder"
                p:idStore-ref="shibboleth.StorageService" />
        </property>
    </bean>

    <bean id="Shibboleth.C14N.SAML2CryptoTransient"
            class="net.shibboleth.idp.saml.nameid.impl.NameIDCanonicalization" scope="prototype">
        <property name="decoder">
            <bean class="net.shibboleth.idp.saml.nameid.impl.CryptoTransientNameIDDecoder"
                p:dataSealer-ref="shibboleth.DataSealer" />
        </property>
    </bean>

    <bean id="Shibboleth.C14N.SAML2Persistent"
            class="net.shibboleth.idp.saml.nameid.impl.NameIDCanonicalization" scope="prototype">
        <property name="decoder">
            <bean class="net.shibboleth.idp.saml.nameid.impl.StoredPersistentIdDecoder"
                p:persistentIdStore="#{getObject('%{idp.persistentId.store:undefined}'.trim())}"
                p:dataSource="#{getObject('%{idp.persistentId.dataSource:undefined}'.trim())}" />
        </property>
    </bean>

    <bean id="Shibboleth.C14N.SAML2Transform"
            class="net.shibboleth.idp.saml.nameid.impl.NameIDCanonicalization" scope="prototype">
        <property name="decoder">
            <bean class="net.shibboleth.idp.saml.nameid.impl.TransformingNameIDDecoder"
                p:transforms-ref="shibboleth.NameTransforms" />
        </property>
    </bean>

    <bean id="Shibboleth.C14N.SAML1Transient"
            class="net.shibboleth.idp.saml.nameid.impl.NameIdentifierCanonicalization" scope="prototype">
        <property name="decoder">
            <bean class="net.shibboleth.idp.saml.nameid.impl.TransientNameIdentifierDecoder"
                p:idStore-ref="shibboleth.StorageService" />
        </property>
    </bean>

    <bean id="Shibboleth.C14N.SAML1CryptoTransient"
            class="net.shibboleth.idp.saml.nameid.impl.NameIdentifierCanonicalization" scope="prototype">
        <property name="decoder">
            <bean class="net.shibboleth.idp.saml.nameid.impl.CryptoTransientNameIdentifierDecoder"
                p:dataSealer-ref="shibboleth.DataSealer" />
        </property>
    </bean>

    <bean id="Shibboleth.C14N.SAML1Transform"
            class="net.shibboleth.idp.saml.nameid.impl.NameIdentifierCanonicalization" scope="prototype">
        <property name="decoder">
            <bean class="net.shibboleth.idp.saml.nameid.impl.TransformingNameIdentifierDecoder"
                p:transforms-ref="shibboleth.NameTransforms" />
        </property>
    </bean>

</beans>
