<flow xmlns="http://www.springframework.org/schema/webflow"
      xmlns:xsi="http://www.w3.org/2001/XMLSchema-instance"
      xsi:schemaLocation="http://www.springframework.org/schema/webflow http://www.springframework.org/schema/webflow/spring-webflow.xsd"
      parent="c14n.abstract">

    <!--
    This is the SubjectCanonicalization subflow for handling SAML subjects supplied in a request.
    It handles set up and eventual selection of a c14n subflow before returning control to the calling
    (profile) flow.
    -->
    
    <action-state id="PopulateSubjectCanonicalizationContext">
        <evaluate expression="PopulateSubjectCanonicalizationContext" />
        <evaluate expression="'proceed'" />
        
        <transition on="proceed" to="SelectSubjectCanonicalizationFlow" />
    </action-state>
    
    <!--
    The Select action is the "dispatching" step. Anything starting with "c14n/"
    is a flow descriptor that we send control to.
    -->
    <action-state id="SelectSubjectCanonicalizationFlow">
        <evaluate expression="SelectSubjectCanonicalizationFlow" />

        <!-- Call a subflow with the same ID as the event. -->
        <transition on="#{currentEvent.id.startsWith('c14n/')}" to="CallSubjectCanonicalizationFlow" />
        
        <!-- Remap the case of no flows to run into a more recognizeable fatal error. -->
        <transition on="NoPotentialFlow" to="SubjectCanonicalizationError" />
    </action-state>

    <!--
    This invokes a c14n flow. Anything but proceed is an error, otherwise control passes to the caller,
    except for a ReselectFlow signal to loop back up and try another.
    -->
    <subflow-state id="CallSubjectCanonicalizationFlow" subflow="#{currentEvent.id}">
        <input name="calledAsSubflow" value="true" />
        <transition on="proceed" to="proceed" />
        <transition on="ReselectFlow" to="SelectSubjectCanonicalizationFlow" />
    </subflow-state>

    <bean-import resource="subject-c14n-saml-beans.xml" />

</flow>
