<?xml version="1.0" encoding="UTF-8" standalone="no"?>
<flow xmlns="http://www.springframework.org/schema/webflow"
      xmlns:xsi="http://www.w3.org/2001/XMLSchema-instance"
      xsi:schemaLocation="
          http://www.springframework.org/schema/webflow http://www.springframework.org/schema/webflow/spring-webflow-2.0.xsd"
      parent="cas.abstractValidate">

    <!-- Bootstrap action has to be at the "top" of the flow after this flow prepends itself to parent. -->
    <action-state id="InitializeValidate">
        <evaluate expression="InitializeProfileRequestContext"/>
        <evaluate expression="PopulateMetricContext" />
        <evaluate expression="InitializeValidate" />
        <evaluate expression="'proceed'" />
        <transition on="proceed" to="InitializeRelyingParty" />
    </action-state>

    <action-state id="HandleValidProxyTicket">
        <evaluate expression="T(net.shibboleth.idp.cas.protocol.ProtocolError).InvalidTicketType.event(flowRequestContext.currentState)" />
    </action-state>

    <bean-import resource="serviceValidate-beans.xml" />

</flow>