<?xml version="1.0" encoding="UTF-8"?>
<beans
    xmlns="http://www.springframework.org/schema/beans"
    xmlns:c="http://www.springframework.org/schema/c"
    xmlns:context="http://www.springframework.org/schema/context"
    xmlns:p="http://www.springframework.org/schema/p"
    xmlns:util="http://www.springframework.org/schema/util"
    xmlns:xsi="http://www.w3.org/2001/XMLSchema-instance"
    xsi:schemaLocation="http://www.springframework.org/schema/beans http://www.springframework.org/schema/beans/spring-beans.xsd
                           http://www.springframework.org/schema/context http://www.springframework.org/schema/context/spring-context.xsd
                           http://www.springframework.org/schema/util http://www.springframework.org/schema/util/spring-util.xsd"
    default-init-method="initialize"
    default-destroy-method="destroy">

    <bean class="org.springframework.context.support.PropertySourcesPlaceholderConfigurer"
        p:placeholderPrefix="%{" p:placeholderSuffix="}" />

    <bean class="net.shibboleth.idp.profile.impl.ProfileActionBeanPostProcessor" />
    <bean class="net.shibboleth.ext.spring.config.IdentifiableBeanPostProcessor" />

    <!-- Declares audit field extractor functions injected into beans that populate the audit context. -->
    <import resource="../../conf/audit-system.xml" />
    
    <bean id="InitializeProfileRequestContext"
        class="net.shibboleth.idp.profile.impl.InitializeProfileRequestContext" scope="prototype"
        p:profileId="http://shibboleth.net/ns/profiles/reload-service-configuration"
        p:loggingId="%{idp.service.logging.serviceReload:Reload}" />

    <bean id="CheckAccess"
        class="org.opensaml.profile.action.impl.CheckAccess" scope="prototype"
        p:httpServletRequest-ref="shibboleth.HttpServletRequest"
        p:accessControlService-ref="shibboleth.AccessControlService"
        p:policyName="%{idp.reload.accessPolicy}" />

    <bean id="ReloadServiceConfiguration"
        class="net.shibboleth.idp.profile.impl.ReloadServiceConfiguration" scope="prototype"
        p:httpServletRequest-ref="shibboleth.HttpServletRequest"
        p:httpServletResponse-ref="shibboleth.HttpServletResponse" />
        
    <bean id="RecordResponseComplete" class="net.shibboleth.idp.profile.impl.RecordResponseComplete" scope="prototype" />
    
    <bean id="WriteAuditLog" class="net.shibboleth.idp.profile.audit.impl.WriteAuditLog" scope="prototype"
        p:activationCondition-ref="shibboleth.ProfileAuditingCondition"
        p:formattingMap-ref="shibboleth.AuditFormattingMap" />
    
    <bean id="MapEventToView"
        class="net.shibboleth.idp.profile.context.navigate.SpringEventToViewLookupFunction"
        p:defaultView-ref="shibboleth.DefaultErrorView"
        p:eventMap="#{getObject('shibboleth.EventViewMap')}" />

</beans>
