<flow xmlns="http://www.springframework.org/schema/webflow"
    xmlns:xsi="http://www.w3.org/2001/XMLSchema-instance"
    xsi:schemaLocation="http://www.springframework.org/schema/webflow http://www.springframework.org/schema/webflow/spring-webflow.xsd"
    parent="admin.abstract">

    <action-state id="ReloadMetadata">
        <evaluate expression="InitializeProfileRequestContext" />
        <evaluate expression="CheckAccess" />
        <evaluate expression="ReloadMetadata" />
        <evaluate expression="RecordResponseComplete" />
        <evaluate expression="WriteAuditLog" />
        <evaluate expression="'proceed'" />
        
        <transition on="proceed" to="success" />
    </action-state>
    
    <!-- Terminus -->

    <end-state id="success" />

    <bean-import resource="reload-metadata-beans.xml" />

</flow>
