<?xml version="1.0" encoding="UTF-8"?>
<beans
    xmlns="http://www.springframework.org/schema/beans"
    xmlns:c="http://www.springframework.org/schema/c"
    xmlns:context="http://www.springframework.org/schema/context"
    xmlns:p="http://www.springframework.org/schema/p"
    xmlns:util="http://www.springframework.org/schema/util"
    xmlns:xsi="http://www.w3.org/2001/XMLSchema-instance"
    xsi:schemaLocation="http://www.springframework.org/schema/beans http://www.springframework.org/schema/beans/spring-beans.xsd
                           http://www.springframework.org/schema/context http://www.springframework.org/schema/context/spring-context.xsd
                           http://www.springframework.org/schema/util http://www.springframework.org/schema/util/spring-util.xsd"
    default-init-method="initialize"
    default-destroy-method="destroy">

    <bean class="org.springframework.context.support.PropertySourcesPlaceholderConfigurer"
        p:placeholderPrefix="%{" p:placeholderSuffix="}" />

    <bean class="net.shibboleth.idp.profile.impl.ProfileActionBeanPostProcessor" />
    <bean class="net.shibboleth.ext.spring.config.IdentifiableBeanPostProcessor" />
    
    <util:list id="ServiceCollection">
        <ref bean="shibboleth.LoggingService" />
        <ref bean="shibboleth.ReloadableAccessControlService" />
        <ref bean="shibboleth.MetadataResolverService" />
        <ref bean="shibboleth.RelyingPartyResolverService" />
        <ref bean="shibboleth.NameIdentifierGenerationService" />
        <ref bean="shibboleth.AttributeResolverService" />
        <ref bean="shibboleth.AttributeFilterService" />
    </util:list>

    <bean id="InitializeProfileRequestContext"
        class="net.shibboleth.idp.profile.impl.InitializeProfileRequestContext" scope="prototype"
        p:profileId="http://shibboleth.net/ns/profiles/status"
        p:loggingId="%{idp.service.logging.status:Status}" />

    <bean id="CheckAccess"
        class="org.opensaml.profile.action.impl.CheckAccess" scope="prototype"
        p:httpServletRequest-ref="shibboleth.HttpServletRequest"
        p:accessControlService-ref="shibboleth.AccessControlService"
        p:policyName="%{idp.status.accessPolicy}" />

</beans>
