<?xml version="1.0" encoding="UTF-8"?>
<beans xmlns="http://www.springframework.org/schema/beans"
       xmlns:context="http://www.springframework.org/schema/context"
       xmlns:util="http://www.springframework.org/schema/util"
       xmlns:p="http://www.springframework.org/schema/p"
       xmlns:c="http://www.springframework.org/schema/c"
       xmlns:xsi="http://www.w3.org/2001/XMLSchema-instance"
       xsi:schemaLocation="http://www.springframework.org/schema/beans http://www.springframework.org/schema/beans/spring-beans.xsd
                           http://www.springframework.org/schema/context http://www.springframework.org/schema/context/spring-context.xsd
                           http://www.springframework.org/schema/util http://www.springframework.org/schema/util/spring-util.xsd"
                           
       default-init-method="initialize"
       default-destroy-method="destroy">

    <!-- Servlet context-relative path to wherever your implementation lives. -->
    <bean id="shibboleth.authn.External.externalAuthnPath" class="java.lang.String"
        c:_0="contextRelative:Authn/External" />

    <!-- Populate RP UI info from metadata? -->
    <util:constant id="shibboleth.authn.External.populateUIInfo" static-field="java.lang.Boolean.FALSE" />

    <!--
    Add authentication flow descriptor's supportedPrincipals collection to the resulting Subject?
    You would normally only unset this if you plan to return a fully decorated Java Subject from your
    external authentication source.
    -->
    <util:constant id="shibboleth.authn.External.addDefaultPrincipals" static-field="java.lang.Boolean.TRUE" />

    <!--
    Define entries here to map error messages returned by external modules and classify them as particular
    kinds of errors for use in your templates and as events in flows.

    Keys are events to signal, values are error codes.

    The examples here just allow external signaling of the exact type of condition to record.
    
    If you want to "fall-through" to other login flows, include a mapping to "ReselectFlow".
    -->
    <util:map id="shibboleth.authn.External.ClassifiedMessageMap">
        <entry key="UnknownUsername">
            <list>
                <value>UnknownUsername</value>
            </list>
        </entry>
        <entry key="InvalidPassword">
            <list>
                <value>InvalidPassword</value>
            </list>
        </entry>
        <entry key="ExpiredPassword">
            <list>
                <value>ExpiredPassword</value>
            </list>
        </entry>
        <entry key="ExpiringPassword">
            <list>
                <value>ExpiringPassword</value>
            </list>
        </entry>
    </util:map>
    
</beans>
