<?xml version="1.0" encoding="UTF-8"?>
<beans
    xmlns="http://www.springframework.org/schema/beans"
    xmlns:c="http://www.springframework.org/schema/c"
    xmlns:context="http://www.springframework.org/schema/context"
    xmlns:p="http://www.springframework.org/schema/p"
    xmlns:util="http://www.springframework.org/schema/util"
    xmlns:xsi="http://www.w3.org/2001/XMLSchema-instance"
    xsi:schemaLocation="http://www.springframework.org/schema/beans http://www.springframework.org/schema/beans/spring-beans.xsd
                           http://www.springframework.org/schema/context http://www.springframework.org/schema/context/spring-context.xsd
                           http://www.springframework.org/schema/util http://www.springframework.org/schema/util/spring-util.xsd"
    default-init-method="initialize"
    default-destroy-method="destroy">

    <bean class="net.shibboleth.idp.profile.impl.ProfileActionBeanPostProcessor" />
    <bean class="net.shibboleth.ext.spring.config.IdentifiableBeanPostProcessor" />
    
    <util:constant id="shibboleth.MetadataLookup.Protocol"
        static-field="org.opensaml.saml.common.xml.SAMLConstants.SAML20P_NS" />

    <util:constant id="shibboleth.MetadataLookup.Role"
        static-field="org.opensaml.saml.saml2.metadata.SPSSODescriptor.DEFAULT_ELEMENT_NAME" />
    
    <bean id="AddResponseShell" class="org.opensaml.saml.saml2.profile.impl.AddStatusResponseShell" scope="prototype"
            p:overwriteExisting="true"
            p:issuerLookupStrategy-ref="shibboleth.ResponderIdLookup.Simple"
            p:messageType="#{T(org.opensaml.saml.saml2.core.Response).DEFAULT_ELEMENT_NAME}">
        <property name="identifierGeneratorLookupStrategy">
            <bean class="net.shibboleth.idp.profile.config.navigate.IdentifierGenerationStrategyLookupFunction"
                p:defaultIdentifierGenerationStrategy-ref="shibboleth.DefaultIdentifierGenerationStrategy" />
        </property>
    </bean>

    <bean id="AddAuthnStatementToAssertion"
            class="net.shibboleth.idp.saml.saml2.profile.impl.AddAuthnStatementToAssertion" scope="prototype"
            p:httpServletRequest-ref="shibboleth.HttpServletRequest">
        <property name="identifierGeneratorLookupStrategy">
            <bean class="net.shibboleth.idp.profile.config.navigate.IdentifierGenerationStrategyLookupFunction"
                p:defaultIdentifierGenerationStrategy-ref="shibboleth.DefaultIdentifierGenerationStrategy" />
        </property>
        <property name="classRefLookupStrategy">
            <bean class="net.shibboleth.idp.authn.principal.DefaultPrincipalDeterminationStrategy"
                    c:type="net.shibboleth.idp.saml.authn.principal.AuthnContextClassRefPrincipal"
                    p:weightMap="#{getObject('shibboleth.AuthenticationPrincipalWeightMap')}">
                <constructor-arg name="principal">
                    <bean class="net.shibboleth.idp.saml.authn.principal.AuthnContextClassRefPrincipal"
                        c:classRef="#{T(org.opensaml.saml.saml2.core.AuthnContext).UNSPECIFIED_AUTHN_CTX}" />
                </constructor-arg>
            </bean>
        </property>
        <property name="activationCondition">
            <bean parent="shibboleth.Conditions.NOT">
                <constructor-arg>
                    <bean parent="shibboleth.Conditions.Expression">
                        <constructor-arg>
                            <value>
                                #profileContext.getProfileId().equals('http://shibboleth.net/ns/profiles/liberty/ssos')
                            </value>
                        </constructor-arg>
                    </bean>
                </constructor-arg>
            </bean>
        </property>
    </bean>

    <bean id="AddAttributeStatementToAssertion"
            class="net.shibboleth.idp.saml.saml2.profile.impl.AddAttributeStatementToAssertion" scope="prototype">
        <property name="activationCondition">
            <bean class="net.shibboleth.idp.saml.profile.config.logic.IncludeAttributeStatementPredicate" />
        </property>
        <property name="identifierGeneratorLookupStrategy">
            <bean class="net.shibboleth.idp.profile.config.navigate.IdentifierGenerationStrategyLookupFunction"
                p:defaultIdentifierGenerationStrategy-ref="shibboleth.DefaultIdentifierGenerationStrategy" />
        </property>
    </bean>

    <bean id="InitializeOutboundMessageContextForError"
            class="net.shibboleth.idp.saml.profile.impl.InitializeOutboundMessageContextForError" scope="prototype">
        <property name="outboundBinding">
            <util:constant static-field="org.opensaml.saml.common.xml.SAMLConstants.SAML2_SOAP11_BINDING_URI"/>
        </property>
    </bean>

    <bean id="AddStatusToResponse"
            class="org.opensaml.saml.saml2.profile.impl.AddStatusToResponse" scope="prototype"
            p:statusMessage="An error occurred.">
        <property name="detailedErrorsCondition">
            <bean class="net.shibboleth.idp.profile.config.logic.DetailedErrorsPredicate" />
        </property>
        <property name="statusCodes">
            <list>
                <util:constant static-field="org.opensaml.saml.saml2.core.StatusCode.RESPONDER" />
            </list>
        </property>
        <property name="statusCodesLookupStrategy">
            <bean class="org.opensaml.saml.saml2.profile.impl.AddStatusToResponse.StatusCodeMappingFunction"
                    c:mappings-ref="shibboleth.SAML2StatusMappings" />
        </property>
        <property name="statusMessageLookupStrategy">
            <bean class="net.shibboleth.idp.profile.context.navigate.SpringStatusMessageLookupFunction" />
        </property>
    </bean>

    <bean id="AddPartialLogoutStatusToResponse"
            class="org.opensaml.saml.saml2.profile.impl.AddStatusToResponse" scope="prototype">
        <property name="statusCodes">
            <list>
                <util:constant static-field="org.opensaml.saml.saml2.core.StatusCode.SUCCESS" />
                <util:constant static-field="org.opensaml.saml.saml2.core.StatusCode.PARTIAL_LOGOUT" />
            </list>
        </property>
    </bean>
    
    <bean id="EncryptToSelfParametersStrategy" class="org.opensaml.saml.security.impl.InlineSelfEncryptionParametersStrategy">
        <constructor-arg>
            <bean class="net.shibboleth.idp.relyingparty.impl.EncryptionCredentialsResolver" 
                c:_0-ref="shibboleth.RelyingPartyResolverService" />
        </constructor-arg>
        <constructor-arg>
            <bean class="org.opensaml.xmlsec.impl.BasicEncryptionParametersResolver" />
        </constructor-arg>
        <constructor-arg ref="shibboleth.SelfEncryptionConfigurationLookup" />
    </bean>

    <bean id="EncryptNameIDs"
            class="org.opensaml.saml.saml2.profile.impl.EncryptNameIDs" scope="prototype"
            p:recipientLookupStrategy-ref="shibboleth.RelyingPartyIdLookup.Simple"
            p:encryptToSelf-ref="shibboleth.Conditions.IssuingDelegatedAssertion"
            p:encryptToSelfParametersStrategy-ref="EncryptToSelfParametersStrategy"
            p:selfRecipientLookupStrategy-ref="shibboleth.ResponderIdLookup.Simple" >
        <property name="encryptionContextLookupStrategy">
            <bean class="com.google.common.base.Functions" factory-method="compose"
                c:g-ref="shibboleth.ChildLookup.EncryptionParameters"
                c:f-ref="shibboleth.ChildLookup.RelyingParty" />
        </property>
    </bean>

    <bean id="EncryptAttributes"
            class="org.opensaml.saml.saml2.profile.impl.EncryptAttributes" scope="prototype"
            p:recipientLookupStrategy-ref="shibboleth.RelyingPartyIdLookup.Simple">
        <property name="encryptionContextLookupStrategy">
            <bean class="com.google.common.base.Functions" factory-method="compose"
                c:g-ref="shibboleth.ChildLookup.EncryptionParameters"
                c:f-ref="shibboleth.ChildLookup.RelyingParty" />
        </property>
    </bean>
    
    <bean id="EncryptAssertions"
            class="org.opensaml.saml.saml2.profile.impl.EncryptAssertions" scope="prototype"
            p:recipientLookupStrategy-ref="shibboleth.RelyingPartyIdLookup.Simple">
        <property name="encryptionContextLookupStrategy">
            <bean class="com.google.common.base.Functions" factory-method="compose"
                c:g-ref="shibboleth.ChildLookup.EncryptionParameters"
                c:f-ref="shibboleth.ChildLookup.RelyingParty" />
        </property>
    </bean>

</beans>
