<?xml version="1.0" encoding="UTF-8"?>
<beans xmlns="http://www.springframework.org/schema/beans"
       xmlns:c="http://www.springframework.org/schema/c"
       xmlns:context="http://www.springframework.org/schema/context"
       xmlns:p="http://www.springframework.org/schema/p"
       xmlns:util="http://www.springframework.org/schema/util"
       xmlns:xsi="http://www.w3.org/2001/XMLSchema-instance"
       xsi:schemaLocation="http://www.springframework.org/schema/beans http://www.springframework.org/schema/beans/spring-beans.xsd
                           http://www.springframework.org/schema/context http://www.springframework.org/schema/context/spring-context.xsd
                           http://www.springframework.org/schema/util http://www.springframework.org/schema/util/spring-util.xsd"
       default-init-method="initialize"
       default-destroy-method="destroy">

    <bean id="InitializeProfileRequestContext" class="net.shibboleth.idp.profile.impl.InitializeProfileRequestContext"
        p:profileId="#{T(net.shibboleth.idp.saml.saml2.profile.config.BrowserSSOProfileConfiguration).PROFILE_ID}"
        p:loggingId="%{idp.service.logging.saml2sso:SSO}"
        p:browserProfile="true" />
        
    <bean id="DecodeMessage" class="org.opensaml.profile.action.impl.DecodeMessage" scope="prototype">
        <constructor-arg>
            <bean class="net.shibboleth.idp.saml.saml2.profile.impl.IdPInitiatedSSORequestMessageDecoder" scope="prototype">
                <property name="httpServletRequest" ref="shibboleth.HttpServletRequest" />
            </bean>
        </constructor-arg>
    </bean>

    <alias name="shibboleth.OutgoingSAML2SSOBindings" alias="shibboleth.OutgoingBindings"/>

</beans>