<?xml version="1.0" encoding="UTF-8"?>
<beans xmlns="http://www.springframework.org/schema/beans"
       xmlns:context="http://www.springframework.org/schema/context"
       xmlns:util="http://www.springframework.org/schema/util"
       xmlns:p="http://www.springframework.org/schema/p"
       xmlns:c="http://www.springframework.org/schema/c"
       xmlns:xsi="http://www.w3.org/2001/XMLSchema-instance"
       xsi:schemaLocation="http://www.springframework.org/schema/beans http://www.springframework.org/schema/beans/spring-beans.xsd
                           http://www.springframework.org/schema/context http://www.springframework.org/schema/context/spring-context.xsd
                           http://www.springframework.org/schema/util http://www.springframework.org/schema/util/spring-util.xsd"
                           
       default-init-method="initialize"
       default-destroy-method="destroy">

    <bean class="org.springframework.context.support.PropertySourcesPlaceholderConfigurer"
        p:placeholderPrefix="%{" p:placeholderSuffix="}" />

    <import resource="../../../conf/c14n/attribute-sourced-subject-c14n-config.xml" />

    <bean class="net.shibboleth.ext.spring.config.IdentifiableBeanPostProcessor" />
    <bean class="net.shibboleth.idp.profile.impl.ProfileActionBeanPostProcessor" />
    
    <bean id="ResolveAttributes" class="net.shibboleth.idp.profile.impl.ResolveAttributes" scope="prototype"
            c:resolverService-ref="shibboleth.AttributeResolverService"
            p:attributesToResolve-ref="shibboleth.c14n.attribute.AttributesToResolve"
            p:maskFailures="%{idp.service.attribute.resolver.maskFailures:true}"
            p:principalNameLookupStrategy="#{getObject('shibboleth.c14n.attribute.PrincipalNameLookupStrategy')}">
        <property name="attributeContextCreationStrategy">
            <bean class="com.google.common.base.Functions" factory-method="compose"
                c:g-ref="shibboleth.ChildLookupOrCreate.AttributeContext"
                c:f-ref="shibboleth.ChildLookup.SubjectCanonicalizationContext" />
        </property>
    </bean>
    
    <bean id="AttributeSourcedSubjectCanonicalization"
        class="net.shibboleth.idp.authn.impl.AttributeSourcedSubjectCanonicalization" scope="prototype"
        p:attributeSourceIds-ref="shibboleth.c14n.attribute.AttributeSourceIds"
        p:lowercase-ref="shibboleth.c14n.attribute.Lowercase"
        p:uppercase-ref="shibboleth.c14n.attribute.Uppercase"
        p:trim-ref="shibboleth.c14n.attribute.Trim"
        p:transforms-ref="shibboleth.c14n.attribute.Transforms" />
    
</beans>
