<flow xmlns="http://www.springframework.org/schema/webflow" xmlns:xsi="http://www.w3.org/2001/XMLSchema-instance"
    xsi:schemaLocation="http://www.springframework.org/schema/webflow http://www.springframework.org/schema/webflow/spring-webflow.xsd"
    parent="authn.abstract">
    
    <!-- This is a simple login flow for Duo authentication. -->

    <view-state id="DisplayDuoWebView" view="duo">
        <on-render>
            <evaluate expression="environment" result="viewScope.environment" />
            <evaluate expression="opensamlProfileRequestContext" result="viewScope.profileRequestContext" />
            <evaluate expression="opensamlProfileRequestContext.getSubcontext(T(net.shibboleth.idp.authn.context.AuthenticationContext))" result="viewScope.authenticationContext" />
            <evaluate expression="authenticationContext.getSubcontext(T(net.shibboleth.idp.ui.context.RelyingPartyUIContext))" result="viewScope.rpUIContext" />
            <evaluate expression="T(net.shibboleth.utilities.java.support.codec.HTMLEncoder)" result="viewScope.encoder" />
            <evaluate expression="flowRequestContext.getExternalContext().getNativeRequest()" result="viewScope.request" />
            <evaluate expression="flowRequestContext.getExternalContext().getNativeResponse()" result="viewScope.response" />
            <evaluate expression="flowRequestContext.getActiveFlow().getApplicationContext().containsBean('shibboleth.CustomViewContext') ? flowRequestContext.getActiveFlow().getApplicationContext().getBean('shibboleth.CustomViewContext') : null" result="viewScope.custom" />
            <set name="viewScope.DuoIntegration" value="flowRequestContext.getActiveFlow().getApplicationContext().getBean('shibboleth.authn.Duo.DuoIntegrationStrategy').apply(opensamlProfileRequestContext)" />
            <set name="viewScope.canonicalUsername" value="CanonicalUsernameStrategy.apply(opensamlProfileRequestContext)" />
            <set name="viewScope.duoHost" value="DuoIntegration.getAPIHost()" />
            <set name="viewScope.duoRequest" value="T(net.shibboleth.idp.authn.duo.impl.DuoSupport).generateSignedRequestToken(DuoIntegration, canonicalUsername)" />
            <set name="viewScope.duoScriptPath" value="'/js/Duo-Web-v2.min.js'" />
        </on-render>
        
        <transition on="proceed" to="ValidateDuoWebResponse" />
        <transition on="cancel" to="ReselectFlow" />
        <transition on-exception="com.duosecurity.duoweb.DuoWebException" to="LogDuoException" />
    </view-state>

    <action-state id="ValidateDuoWebResponse">
        <evaluate expression="ValidateDuoWebResponse" />
        <evaluate expression="'proceed'" />
        
        <transition on="proceed" to="proceed" />
    </action-state>

    <action-state id="LogDuoException">
        <on-entry>
            <evaluate expression="T(org.slf4j.LoggerFactory).getLogger('net.shibboleth.idp.authn.duo').error('DuoWebException', flowExecutionException.getCause())" />
        </on-entry>
        <evaluate expression="'AuthenticationException'" />
    </action-state>

    <bean-import resource="duo-authn-beans.xml" />

</flow>
