<?xml version="1.0"?>
<!DOCTYPE Configure PUBLIC "-//Mort Bay Consulting//DTD Configure//EN" "http://www.eclipse.org/jetty/configure_9_0.dtd">

<!-- =============================================================== -->
<!-- Configure the Shibboleth IdP webapp                             -->
<!-- =============================================================== -->
<Configure class="org.eclipse.jetty.webapp.WebAppContext">
  <Set name="war"><Property name="jetty.war.path" /></Set>
  <Set name="contextPath"><Property name="jetty.context.path" /></Set>
  <Set name="extractWAR">false</Set>
  <Set name="copyWebDir">false</Set>
  <!-- https://bugs.eclipse.org/bugs/show_bug.cgi?id=375504 -->
  <Set name="copyWebInf">true</Set>
  <Call name="setAttribute">
    <Arg>org.eclipse.jetty.server.webapp.WebInfIncludeJarPattern</Arg>
    <Arg>none</Arg>
  </Call>
  <Call name="setAttribute">
    <Arg>org.eclipse.jetty.webapp.basetempdir</Arg>
    <Arg><Property name="jetty.base" />/tmp</Arg>
  </Call>

  <Call class="java.lang.System" name="setProperty">
    <Arg>java.security.auth.login.config</Arg>
    <Arg><Property name="jetty.jaas.path" /></Arg>
  </Call>
  <Set name="securityHandler">
    <New class="org.eclipse.jetty.security.ConstraintSecurityHandler">
     <Set name="loginService">
       <New class="org.eclipse.jetty.jaas.JAASLoginService">
         <Set name="name">Web Login Service</Set>
         <Set name="loginModuleName">ShibUserPassAuth</Set>
       </New>
     </Set>
    </New>
  </Set>
  
</Configure>