<?xml version="1.0" encoding="UTF-8" standalone="no"?>
<flow xmlns="http://www.springframework.org/schema/webflow"
      xmlns:xsi="http://www.w3.org/2001/XMLSchema-instance"
      xsi:schemaLocation="
          http://www.springframework.org/schema/webflow http://www.springframework.org/schema/webflow/spring-webflow-2.0.xsd"
      parent="cas.abstractValidate" >

    <!-- Bootstrap action has to be at the "top" of the flow after this flow prepends itself to parent. -->
    <action-state id="InitializeValidate">
        <evaluate expression="InitializeProfileRequestContext"/>
        <evaluate expression="PopulateMetricContext" />
        <evaluate expression="DecodeMessage" />
        <evaluate expression="ProcessSamlMessage" />
        <evaluate expression="'proceed'" />
        <transition on="proceed" to="InitializeRelyingParty" />
    </action-state>

    <!--
       | Override attribute resolution check in parent flow.
       | Always resolve attributes for /samlValidate protocol endpoint.
       -->
    <decision-state id="CheckResolveAttributes">
        <if test="ValidateConfigLookup.apply(opensamlProfileRequestContext).isResolveAttributes()"
            then="ResolveAttributes"
            else="ResolveAttributes" />
    </decision-state>

    <!-- End states that render the SAML message in the outgoing message context -->
    <end-state id="ValidateSuccess">
        <on-entry>
            <evaluate expression="BuildSamlValidationSuccessMessage" />
            <evaluate expression="EncodeMessage" />
            <evaluate expression="RecordResponseComplete" />
        </on-entry>
    </end-state>

    <!-- Override protocol error view in parent flow -->
    <end-state id="ProtocolErrorView">
        <on-entry>
            <evaluate expression="BuildSamlValidationFailureMessage" />
            <evaluate expression="EncodeMessage" />
            <evaluate expression="RecordResponseComplete" />
        </on-entry>
        <exception-handler bean="RethrowingFlowExecutionExceptionHandler"/>
    </end-state>

    <bean-import resource="samlValidate-beans.xml" />

</flow>