<flow xmlns="http://www.springframework.org/schema/webflow"
      xmlns:xsi="http://www.w3.org/2001/XMLSchema-instance"
      xsi:schemaLocation="http://www.springframework.org/schema/webflow http://www.springframework.org/schema/webflow/spring-webflow.xsd"
      abstract="true" parent="intercept.events">

    <!-- Rudimentary impediment to direct execution of subflow. -->
    <input name="calledAsSubflow" type="boolean" required="true" />

    <!-- Defines the possible end-state events, and a global transition rule. -->

    <!-- Successful completion of subflow. -->
    <end-state id="proceed" />

    <!-- Error events to reflect back from this subflow. -->
    <end-state id="InvalidProfileContext" />
    <end-state id="MessageExpired" />
    <end-state id="MessageReplay" />
    <end-state id="MessageAuthenticationError" />
    <end-state id="AttributeReleaseRejected" />
    <end-state id="TermsRejected" />
    <end-state id="ContextCheckDenied" />
    <end-state id="RestartAuthentication" />
    <end-state id="RuntimeException" />

    <action-state id="LogRuntimeException">
        <evaluate expression="T(org.slf4j.LoggerFactory).getLogger('net.shibboleth.idp.profile.interceptor').error('Uncaught runtime exception', flowExecutionException.getCause())" />
        <transition to="RuntimeException" />
    </action-state>

    <!-- Default is to turn any event into its own end-state. -->
    <global-transitions>
        <transition on-exception="java.lang.RuntimeException" to="LogRuntimeException" />
        <transition on="#{!'proceed'.equals(currentEvent.id)}" to="#{currentEvent.id}" />
    </global-transitions>

</flow>
