<?xml version="1.0" encoding="UTF-8"?>
<beans xmlns="http://www.springframework.org/schema/beans"
       xmlns:context="http://www.springframework.org/schema/context"
       xmlns:util="http://www.springframework.org/schema/util"
       xmlns:p="http://www.springframework.org/schema/p"
       xmlns:c="http://www.springframework.org/schema/c"
       xmlns:xsi="http://www.w3.org/2001/XMLSchema-instance"
       xsi:schemaLocation="http://www.springframework.org/schema/beans http://www.springframework.org/schema/beans/spring-beans.xsd
                           http://www.springframework.org/schema/context http://www.springframework.org/schema/context/spring-context.xsd
                           http://www.springframework.org/schema/util http://www.springframework.org/schema/util/spring-util.xsd"
                           
       default-init-method="initialize"
       default-destroy-method="destroy">

    <!--
    This file configures the IdP with the set of SAML bindings to support for sending messages back through
    a browser to SPs. Separate binding lists are provided for the various SAML versions and profiles.
    
    For advanced use cases, it's possible to configure an activationCondition property that can evaluate the
    profile request context to determine whether a binding applies, for example based on the SP identity.
    
    Note: the p:id syntax MUST be used to specify the binding URI. Using id alone will cause problems due to
    duplicate bean IDs. 
    -->
        
    <bean id="shibboleth.BindingDescriptor" class="net.shibboleth.idp.saml.binding.BindingDescriptor" abstract="true" />
    
    <!-- SAML 1 Bindings -->
    <bean parent="shibboleth.BindingDescriptor" id="shibboleth.Binding.LegacyShibboleth"
        p:id="urn:mace:shibboleth:1.0:profiles:AuthnRequest"
        p:shortName="Shibboleth" />
    <bean parent="shibboleth.BindingDescriptor" id="shibboleth.Binding.SAML1POST"
        p:id="urn:oasis:names:tc:SAML:1.0:profiles:browser-post"
        p:shortName="POST"
        p:encoderBeanId="shibboleth.Encoders.SAML1PostEncoder" />
    <bean parent="shibboleth.BindingDescriptor" id="shibboleth.Binding.SAML1Artifact"
        p:id="urn:oasis:names:tc:SAML:1.0:profiles:artifact-01"
        p:shortName="Artifact"
        p:encoderBeanId="shibboleth.Encoders.SAML1ArtifactEncoder"
        p:artifact="true"
        p:activationCondition="%{idp.artifact.enabled:true}" />
    <bean parent="shibboleth.BindingDescriptor" id="shibboleth.Binding.SAML1SOAP"
        p:id="urn:oasis:names:tc:SAML:1.0:bindings:SOAP-binding"
        p:shortName="SOAP"
        p:encoderBeanId="shibboleth.Encoders.SAML1SOAPEncoder"
        p:synchronous="true" />
    
    <!-- SAML 2 Bindings -->
    <bean parent="shibboleth.BindingDescriptor" id="shibboleth.Binding.SAML2Unsolicited"
        p:id="urn:mace:shibboleth:2.0:profiles:AuthnRequest"
        p:shortName="Unsolicited" />
    <bean parent="shibboleth.BindingDescriptor" id="shibboleth.Binding.SAML2Redirect"
        p:id="urn:oasis:names:tc:SAML:2.0:bindings:HTTP-Redirect"
        p:shortName="Redirect"
        p:encoderBeanId="shibboleth.Encoders.SAML2RedirectEncoder"
        p:signatureCapable="true" />
    <bean parent="shibboleth.BindingDescriptor" id="shibboleth.Binding.SAML2POST"
        p:id="urn:oasis:names:tc:SAML:2.0:bindings:HTTP-POST"
        p:shortName="POST"
        p:encoderBeanId="shibboleth.Encoders.SAML2PostEncoder" />
    <bean parent="shibboleth.BindingDescriptor" id="shibboleth.Binding.SAML2POSTSimpleSign"
        p:id="urn:oasis:names:tc:SAML:2.0:bindings:HTTP-POST-SimpleSign"
        p:shortName="POST-SimpleSign"
        p:encoderBeanId="shibboleth.Encoders.SAML2PostSimpleSignEncoder"
        p:signatureCapable="true" />
    <bean parent="shibboleth.BindingDescriptor" id="shibboleth.Binding.SAML2Artifact"
        p:id="urn:oasis:names:tc:SAML:2.0:bindings:HTTP-Artifact"
        p:shortName="Artifact"
        p:encoderBeanId="shibboleth.Encoders.SAML2ArtifactEncoder"
        p:artifact="true"
        p:activationCondition="%{idp.artifact.enabled:true}" />
    <bean parent="shibboleth.BindingDescriptor" id="shibboleth.Binding.SAML2SOAP"
        p:id="urn:oasis:names:tc:SAML:2.0:bindings:SOAP"
        p:shortName="SOAP"
        p:encoderBeanId="shibboleth.Encoders.SAML2SOAPEncoder"
        p:synchronous="true" />
        
    <!-- Other Bindings -->
    <bean parent="shibboleth.BindingDescriptor" id="shibboleth.Binding.LibertySOAP"
            p:shortName="LibertySOAP"
            p:synchronous="true">
        <property name="id">
            <util:constant static-field="net.shibboleth.idp.saml.saml2.profile.delegation.impl.LibertyConstants.SOAP_BINDING_20_URI" />
        </property>
    </bean>
    
    <util:list id="shibboleth.OutgoingSAML1SSOBindings">
        <ref bean="shibboleth.Binding.SAML1POST" />
        <ref bean="shibboleth.Binding.SAML1Artifact" />
    </util:list>

    <util:list id="shibboleth.OutgoingSAML2SSOBindings">
        <ref bean="shibboleth.Binding.SAML2POST" />
        <ref bean="shibboleth.Binding.SAML2POSTSimpleSign" />
        <ref bean="shibboleth.Binding.SAML2Artifact" />
    </util:list>

    <util:list id="shibboleth.OutgoingSAML2SLOBindings">
        <ref bean="shibboleth.Binding.SAML2Redirect" />
        <ref bean="shibboleth.Binding.SAML2POST" />
        <ref bean="shibboleth.Binding.SAML2POSTSimpleSign" />
        <ref bean="shibboleth.Binding.SAML2Artifact" />
    </util:list>

    <util:list id="shibboleth.OutgoingSOAPBindings">
        <ref bean="shibboleth.Binding.SAML1SOAP" />
        <ref bean="shibboleth.Binding.SAML2SOAP" />
    </util:list>

    <util:list id="shibboleth.OutgoingECPBindings">
        <!-- Special case, the binding is technically SOAP, but response endpoint checking based on PAOS or SAML-EC. -->
        <bean parent="shibboleth.BindingDescriptor" p:id="urn:oasis:names:tc:SAML:2.0:bindings:PAOS" p:shortName="SOAP"
            p:encoderBeanId="shibboleth.Encoders.SAML2SOAPEncoder" />
        <bean parent="shibboleth.BindingDescriptor" p:id="urn:ietf:params:xml:ns:samlec" p:shortName="SOAP"
            p:encoderBeanId="shibboleth.Encoders.SAML2SOAPEncoder" />
    </util:list>

    <util:list id="shibboleth.OutgoingIDWSFSSOSBindings">
        <!-- Special case, the binding is technically SOAP, but response endpoint checking based on PAOS. -->
        <bean parent="shibboleth.BindingDescriptor" p:id="urn:oasis:names:tc:SAML:2.0:bindings:PAOS" p:shortName="LibertySOAP"
            p:encoderBeanId="shibboleth.Encoders.IDWSFSOAPEncoder" />
        <bean parent="shibboleth.BindingDescriptor" p:id="urn:ietf:params:xml:ns:samlec" p:shortName="LibertySOAP"
            p:encoderBeanId="shibboleth.Encoders.IDWSFSOAPEncoder" />
    </util:list>

    <!--
    These are the actual MessageEncoder beans that implement the outgoing binding requirements.
    There is generally never any reason to change these. The init-method is being nulled below to
    prevent explicit initialization by Spring, as this is deferred to the code to do.
    -->

    <bean id="shibboleth.Encoders.SAML1PostEncoder"
          class="org.opensaml.saml.saml1.binding.encoding.impl.HTTPPostEncoder" scope="prototype" init-method=""
          p:httpServletResponse-ref="shibboleth.HttpServletResponse"
          p:velocityEngine-ref="shibboleth.VelocityEngine" />

    <bean id="shibboleth.Encoders.SAML1ArtifactEncoder"
          class="org.opensaml.saml.saml1.binding.encoding.impl.HTTPArtifactEncoder" scope="prototype" init-method=""
          p:httpServletResponse-ref="shibboleth.HttpServletResponse"
          p:artifactMap-ref="shibboleth.SAMLArtifactMap" />

    <bean id="shibboleth.Encoders.SAML1SOAPEncoder"
          class="org.opensaml.saml.saml1.binding.encoding.impl.HTTPSOAP11Encoder" scope="prototype" init-method=""
          p:httpServletResponse-ref="shibboleth.HttpServletResponse" />

    <bean id="shibboleth.Encoders.SAML2RedirectEncoder"
          class="org.opensaml.saml.saml2.binding.encoding.impl.HTTPRedirectDeflateEncoder" scope="prototype" init-method=""
          p:httpServletResponse-ref="shibboleth.HttpServletResponse" />

    <bean id="shibboleth.Encoders.SAML2PostEncoder"
          class="org.opensaml.saml.saml2.binding.encoding.impl.HTTPPostEncoder" scope="prototype" init-method=""
          p:httpServletResponse-ref="shibboleth.HttpServletResponse"
          p:velocityEngine-ref="shibboleth.VelocityEngine" />

    <bean id="shibboleth.Encoders.SAML2PostSimpleSignEncoder"
          class="org.opensaml.saml.saml2.binding.encoding.impl.HTTPPostSimpleSignEncoder" scope="prototype" init-method=""
          p:httpServletResponse-ref="shibboleth.HttpServletResponse"
          p:velocityEngine-ref="shibboleth.VelocityEngine" />

    <bean id="shibboleth.Encoders.SAML2ArtifactEncoder"
          class="org.opensaml.saml.saml2.binding.encoding.impl.HTTPArtifactEncoder" scope="prototype" init-method=""
          p:httpServletResponse-ref="shibboleth.HttpServletResponse"
          p:artifactMap-ref="shibboleth.SAMLArtifactMap" />
          
    <bean id="shibboleth.Encoders.SAML2SOAPEncoder"
          class="org.opensaml.saml.saml2.binding.encoding.impl.HTTPSOAP11Encoder" scope="prototype" init-method=""
          p:httpServletResponse-ref="shibboleth.HttpServletResponse" />
          
    <bean id="shibboleth.Encoders.IDWSFSOAPEncoder"
          class="net.shibboleth.idp.saml.saml2.profile.delegation.messaging.impl.LibertyHTTPSOAP11Encoder" scope="prototype" init-method=""
          p:httpServletResponse-ref="shibboleth.HttpServletResponse" />

</beans>
