<flow xmlns="http://www.springframework.org/schema/webflow"
      xmlns:xsi="http://www.w3.org/2001/XMLSchema-instance"
      xsi:schemaLocation="http://www.springframework.org/schema/webflow http://www.springframework.org/schema/webflow/spring-webflow.xsd">

    <view-state id="ShowServiceLogoutView" view="cas/logoutService">
        <on-entry>
            <set name="viewScope.logoutPropCtx"
                 value="opensamlProfileRequestContext.getSubcontext(T(net.shibboleth.idp.session.context.LogoutPropagationContext))" />
            <set name="viewScope.messageID" value="T(java.util.UUID).randomUUID()" />
            <set name="viewScope.issueInstant" value="DateFormatter.print(T(org.joda.time.DateTime).now())" />
        </on-entry>
        <transition on="proceed" to="proceed" />
    </view-state>

    <end-state id="proceed">
        <on-entry>
            <set name="requestScope.logoutPropCtx"
                 value="opensamlProfileRequestContext.getSubcontext(T(net.shibboleth.idp.session.context.LogoutPropagationContext))" />
            <evaluate expression="logoutPropCtx.setResultString('Success')" />
        </on-entry>
    </end-state>

    <bean-import resource="cas-beans.xml" />

</flow>
