<?xml version="1.0" encoding="UTF-8"?>
<beans xmlns="http://www.springframework.org/schema/beans"
       xmlns:xsi="http://www.w3.org/2001/XMLSchema-instance"
       xmlns:c="http://www.springframework.org/schema/c"
       xmlns:p="http://www.springframework.org/schema/p"
       xsi:schemaLocation="
           http://www.springframework.org/schema/beans
           http://www.springframework.org/schema/beans/spring-beans.xsd"
       default-init-method="initialize"
       default-destroy-method="destroy">

    <bean class="org.springframework.context.support.PropertySourcesPlaceholderConfigurer"
          p:placeholderPrefix="%{"
          p:placeholderSuffix="}" />

    <bean class="net.shibboleth.ext.spring.config.IdentifiableBeanPostProcessor" />
    <bean class="net.shibboleth.idp.profile.impl.ProfileActionBeanPostProcessor" />

    <!-- Declares audit field extractor functions injected into beans that populate the audit context. -->
    <import resource="../../conf/audit-system.xml" />

    <!-- These are beans that are common to all CAS protocol flows. -->

    <bean id="PopulateMetricContext"
        class="org.opensaml.profile.action.impl.PopulateMetricContext" scope="prototype"
        p:metricStrategy="#{getObject('shibboleth.metrics.MetricStrategy')}" />
        
    <bean id="BuildRelyingPartyContext"
          class="net.shibboleth.idp.cas.flow.impl.BuildRelyingPartyContextAction"
          c:registry-ref="shibboleth.CASServiceRegistry"/>

    <bean id="BuildSAMLMetadataContext"
          class="net.shibboleth.idp.cas.flow.impl.BuildSAMLMetadataContextAction" />

    <bean id="PopulateInboundInterceptContext"
          class="net.shibboleth.idp.profile.interceptor.impl.PopulateProfileInterceptorContext"
          scope="prototype"
          p:availableFlows-ref="shibboleth.AvailableInterceptFlows">
        <property name="activeFlowsLookupStrategy">
            <bean class="net.shibboleth.idp.profile.config.navigate.InboundFlowsLookupFunction" />
        </property>
    </bean>

    <bean id="PopulateOutboundInterceptContext"
          class="net.shibboleth.idp.profile.interceptor.impl.PopulateProfileInterceptorContext"
          scope="prototype"
          p:availableFlows-ref="shibboleth.AvailableInterceptFlows">
        <property name="activeFlowsLookupStrategy">
            <bean class="net.shibboleth.idp.profile.config.navigate.OutboundFlowsLookupFunction" />
        </property>
    </bean>

    <bean id="PublishProtocolRequest"
          class="net.shibboleth.idp.cas.flow.impl.PublishProtocolMessageAction"
          c:isRequest="true" />

    <bean id="PublishProtocolResponse"
          class="net.shibboleth.idp.cas.flow.impl.PublishProtocolMessageAction"
          c:isRequest="false" />

    <bean id="SelectProfileConfiguration"
          class="net.shibboleth.idp.profile.impl.SelectProfileConfiguration"
          scope="prototype" />

    <bean id="SelectRelyingPartyConfiguration"
          class="net.shibboleth.idp.profile.impl.SelectRelyingPartyConfiguration"
          scope="prototype"
          p:relyingPartyConfigurationResolver-ref="shibboleth.RelyingPartyConfigurationResolver" />

    <bean id="PopulateSubjectContext"
          class="net.shibboleth.idp.profile.impl.PopulateSubjectContext"
          scope="prototype"
          p:principalNameLookupStrategy-ref="PrincipalLookupFunction" />

    <bean id="ResolveAttributes"
          class="net.shibboleth.idp.profile.impl.ResolveAttributes"
          scope="prototype"
          c:resolverService-ref="shibboleth.AttributeResolverService" />

    <bean id="FilterAttributes"
          class="net.shibboleth.idp.profile.impl.FilterAttributes"
          scope="prototype"
          c:filterService-ref="shibboleth.AttributeFilterService"
          p:maskFailures="%{idp.service.attribute.filter.maskFailures:true}">
        <property name="metadataContextLookupStrategy">
            <bean class="net.shibboleth.idp.saml.profile.context.navigate.SAMLMetadataContextLookupFunction" />
        </property>
    </bean>

    <bean id="LogEvent" class="org.opensaml.profile.action.impl.LogEvent" scope="prototype"
            p:suppressedEvents="#{getObject('shibboleth.SuppressedEvents') ?: getObject('shibboleth.DefaultSuppressedEvents')}">
        <property name="eventContextLookupStrategy">
            <bean class="net.shibboleth.idp.profile.context.navigate.WebFlowCurrentEventLookupFunction" />
        </property>
    </bean>

    <bean id="MapEventToView"
          class="net.shibboleth.idp.profile.context.navigate.SpringEventToViewLookupFunction"
          p:defaultView-ref="shibboleth.DefaultErrorView"
          p:eventMap="#{getObject('shibboleth.EventViewMap')}" />

    <bean id="WriteAuditLog"
          class="net.shibboleth.idp.profile.audit.impl.WriteAuditLog"
          scope="prototype"
          p:formattingMap-ref="shibboleth.AuditFormattingMap"
          p:httpServletRequest-ref="shibboleth.HttpServletRequest" />

    <bean id="ErrorViewPopulateAuditContext" parent="shibboleth.AbstractPopulateAuditContext"
          p:fieldExtractors="#{getObject('shibboleth.ErrorViewAuditExtractors') ?: getObject('shibboleth.DefaultErrorViewAuditExtractors')}" />

    <bean id="PopulateProtocolError"
          class="net.shibboleth.idp.cas.flow.impl.PopulateProtocolErrorAction" />
</beans>
