<?xml version="1.0" encoding="UTF-8"?>
<beans xmlns="http://www.springframework.org/schema/beans"
       xmlns:xsi="http://www.w3.org/2001/XMLSchema-instance"
       xmlns:c="http://www.springframework.org/schema/c"
       xmlns:p="http://www.springframework.org/schema/p"
	   xsi:schemaLocation="http://www.springframework.org/schema/beans http://www.springframework.org/schema/beans/spring-beans.xsd
                           http://www.springframework.org/schema/context http://www.springframework.org/schema/context/spring-context.xsd
                           http://www.springframework.org/schema/util http://www.springframework.org/schema/util/spring-util.xsd"

	   default-init-method="initialize"
       default-destroy-method="destroy">


    <bean id="simpleTicketService" class="net.shibboleth.idp.cas.ticket.impl.SimpleTicketService"
          c:service-ref="#{'%{idp.cas.StorageService:shibboleth.StorageService}'.trim()}" />

    <bean id="encodingTicketService" class="net.shibboleth.idp.cas.ticket.impl.EncodingTicketService"
          c:service-ref="#{'%{idp.cas.StorageService:shibboleth.StorageService}'.trim()}"
          c:sealer-ref="encodedTicketSealer"/>

    <bean id="encodedTicketSealer" lazy-init="true"
          class="net.shibboleth.utilities.java.support.security.DataSealer"
          p:keyStrategy-ref="shibboleth.DataSealerKeyStrategy"
          p:encoder-ref="base64Codec"
          p:decoder-ref="base64Codec" />

    <bean id="base64Codec" class="org.apache.commons.codec.binary.Base64"
          c:lineLength="0"
          c:lineSeparator="#{new byte[] {10} }"
          c:urlSafe="true" />

    <alias name="simpleTicketService" alias="shibboleth.DefaultCASTicketService" />

    <bean id="shibboleth.DefaultCASProxyAuthenticator"
          class="net.shibboleth.idp.cas.proxy.impl.HttpClientProxyAuthenticator" />

    <bean id="shibboleth.DefaultCASProxyValidateIdPSessionPredicate"
          class="com.google.common.base.Predicates"
          factory-method="alwaysFalse" />

    <import resource="../../conf/cas-protocol.xml" />

</beans>