<?xml version="1.0" encoding="UTF-8"?>
<beans xmlns="http://www.springframework.org/schema/beans"
       xmlns:context="http://www.springframework.org/schema/context"
       xmlns:util="http://www.springframework.org/schema/util"
       xmlns:p="http://www.springframework.org/schema/p"
       xmlns:c="http://www.springframework.org/schema/c"
       xmlns:xsi="http://www.w3.org/2001/XMLSchema-instance"
       xsi:schemaLocation="http://www.springframework.org/schema/beans http://www.springframework.org/schema/beans/spring-beans.xsd
                           http://www.springframework.org/schema/context http://www.springframework.org/schema/context/spring-context.xsd
                           http://www.springframework.org/schema/util http://www.springframework.org/schema/util/spring-util.xsd"

       default-init-method="initialize"
       default-destroy-method="destroy">

    <import resource="../../conf/services.xml" />

    <!--
    These are beans that define reloadable services. The actual Spring resources that configure the
    services are generally defined in the services.xml file edited by deployers.
    -->

    <bean id="shibboleth.LoggingService"
        class="%{idp.service.logging.class:net.shibboleth.idp.log.LogbackLoggingService}"
        p:loggingConfiguration="%{idp.service.logging.resource:%{idp.home}/conf/logback.xml}"
        p:reloadCheckDelay="%{idp.service.logging.checkInterval:PT0S}"
        p:failFast="%{idp.service.logging.failFast:%{idp.service.failFast:true}}" />
    
    <bean id="shibboleth.AttributeFilterService" class="net.shibboleth.ext.spring.service.ReloadableSpringService"
            depends-on="shibboleth.VelocityEngine"
            p:serviceConfigurations-ref="#{'%{idp.service.attribute.filter.resources:shibboleth.AttributeFilterResources}'.trim()}"
            p:failFast="%{idp.service.attribute.filter.failFast:%{idp.service.failFast:false}}"
            p:reloadCheckDelay="%{idp.service.attribute.filter.checkInterval:PT0S}"
            p:beanFactoryPostProcessors-ref="shibboleth.PropertySourcesPlaceholderConfigurer">
        <constructor-arg name="claz" value="net.shibboleth.idp.attribute.filter.AttributeFilter" />
        <constructor-arg name="strategy">
            <bean class="net.shibboleth.idp.attribute.filter.spring.impl.AttributeFilterServiceStrategy"
                id="ShibbolethAttributeFilter"/>
        </constructor-arg>
    </bean>

    <bean id="shibboleth.AttributeResolverService" class="net.shibboleth.ext.spring.service.ReloadableSpringService" 
            depends-on="shibboleth.VelocityEngine"
            p:serviceConfigurations-ref="#{'%{idp.service.attribute.resolver.resources:shibboleth.AttributeResolverResources}'.trim()}"
            p:failFast="%{idp.service.attribute.resolver.failFast:%{idp.service.failFast:false}}"
            p:reloadCheckDelay="%{idp.service.attribute.resolver.checkInterval:PT0S}"
            p:beanFactoryPostProcessors-ref="shibboleth.PropertySourcesPlaceholderConfigurer">
        <constructor-arg name="claz" value="net.shibboleth.idp.attribute.resolver.AttributeResolver" />
        <constructor-arg name="strategy">
            <bean class="net.shibboleth.idp.attribute.resolver.spring.impl.AttributeResolverServiceStrategy"
                id="ShibbolethAttributeResolver"/>
        </constructor-arg>
    </bean>

    <bean id="shibboleth.NameIdentifierGenerationService" class="net.shibboleth.ext.spring.service.ReloadableSpringService" 
        c:claz="net.shibboleth.idp.saml.nameid.NameIdentifierGenerationService"
        p:serviceConfigurations-ref="#{'%{idp.service.nameidGeneration.resources:shibboleth.NameIdentifierGenerationResources}'.trim()}"
        p:failFast="%{idp.service.nameidGeneration.failFast:%{idp.service.failFast:false}}"
        p:reloadCheckDelay="%{idp.service.nameidGeneration.checkInterval:PT0S}"
        p:beanPostProcessors-ref="shibboleth.IdentifiableBeanPostProcessor"
        p:beanFactoryPostProcessors-ref="shibboleth.PropertySourcesPlaceholderConfigurer" />

    <bean id="shibboleth.RelyingPartyResolverService" class="net.shibboleth.ext.spring.service.ReloadableSpringService"
            p:serviceConfigurations-ref="#{'%{idp.service.relyingparty.resources:shibboleth.RelyingPartyResolverResources}'.trim()}"
            p:failFast="%{idp.service.relyingparty.failFast:%{idp.service.failFast:false}}"
            p:reloadCheckDelay="%{idp.service.relyingparty.checkInterval:PT0S}"
            p:beanPostProcessors-ref="shibboleth.IdentifiableBeanPostProcessor"
            p:beanFactoryPostProcessors-ref="shibboleth.PropertySourcesPlaceholderConfigurer">
        <constructor-arg name="claz" value="net.shibboleth.idp.relyingparty.RelyingPartyConfigurationResolver" />
        <constructor-arg name="strategy">
            <bean class="net.shibboleth.ext.spring.service.ClassBasedServiceStrategy"
                c:serviceableClaz="net.shibboleth.idp.relyingparty.impl.DefaultRelyingPartyConfigurationResolver" />
        </constructor-arg>
    </bean>

    <bean id="shibboleth.MetadataResolverService" class="net.shibboleth.ext.spring.service.ReloadableSpringService"
            depends-on="shibboleth.AttributeResolverService" 
            p:serviceConfigurations-ref="#{'%{idp.service.metadata.resources:shibboleth.MetadataResolverResources}'.trim()}"
            p:failFast="%{idp.service.metadata.failFast:%{idp.service.failFast:false}}"
            p:reloadCheckDelay="%{idp.service.metadata.checkInterval:PT0S}"
            p:beanFactoryPostProcessors-ref="shibboleth.PropertySourcesPlaceholderConfigurer">
        <constructor-arg name="claz" value="org.opensaml.saml.metadata.resolver.MetadataResolver" />
        <constructor-arg name="strategy">
            <bean class="net.shibboleth.idp.profile.spring.relyingparty.metadata.impl.MetadataResolverServiceStrategy" />
        </constructor-arg>
        <property name="beanPostProcessors">
            <bean class="net.shibboleth.idp.profile.spring.relyingparty.metadata.impl.NodeProcessingAttachingBeanPostProcessor"
                c:service-ref="shibboleth.AttributeResolverService" />
        </property>
    </bean>

    <bean id="shibboleth.ReloadableAccessControlService" class="net.shibboleth.ext.spring.service.ReloadableSpringService"
        c:claz="net.shibboleth.utilities.java.support.security.AccessControlService" 
        p:serviceConfigurations-ref="#{'%{idp.service.access.resources:shibboleth.AccessControlResources}'.trim()}"
        p:failFast="%{idp.service.access.failFast:%{idp.service.failFast:true}}"
        p:reloadCheckDelay="%{idp.service.access.checkInterval:PT0S}"
        p:beanPostProcessors-ref="shibboleth.IdentifiableBeanPostProcessor"
        p:beanFactoryPostProcessors-ref="shibboleth.PropertySourcesPlaceholderConfigurer" />

    <bean id="shibboleth.ReloadableCASServiceRegistry" class="net.shibboleth.ext.spring.service.ReloadableSpringService"
          c:claz="net.shibboleth.idp.cas.service.ServiceRegistry"
          p:serviceConfigurations-ref="#{
            getObject('%{idp.service.cas.registry.resources:shibboleth.CASServiceRegistryResources}'.trim()) != null
                ? '%{idp.service.cas.registry.resources:shibboleth.CASServiceRegistryResources}'.trim()
                : 'shibboleth.DefaultCASServiceRegistryResources' }"
          p:failFast="%{idp.service.cas.registry.failFast:%{idp.service.failFast:false}}"
          p:reloadCheckDelay="%{idp.service.cas.registry.checkInterval:PT0S}"
          p:beanPostProcessors-ref="shibboleth.IdentifiableBeanPostProcessor"
          p:beanFactoryPostProcessors-ref="shibboleth.PropertySourcesPlaceholderConfigurer" />
    <util:list id="shibboleth.DefaultCASServiceRegistryResources">
        <value>%{idp.home}/conf/cas-protocol.xml</value>
    </util:list>

    <!--
    These are proxies/facades that expose a service-unaware interface to client components.
    Services without such facades are being consumed directly in a service-aware way.
    -->
    
    <bean id="shibboleth.RelyingPartyConfigurationResolver"
        class="net.shibboleth.idp.relyingparty.impl.ReloadingRelyingPartyConfigurationResolver"
        c:resolverService-ref="shibboleth.RelyingPartyResolverService" />
        
    <bean id="shibboleth.MetadataResolver"
        class="net.shibboleth.idp.saml.metadata.impl.ReloadingRelyingPartyMetadataProvider"
        c:resolverService-ref="shibboleth.MetadataResolverService" />
        
    <bean id="shibboleth.RoleDescriptorResolver"
        class="org.opensaml.saml.metadata.resolver.impl.PredicateRoleDescriptorResolver"
        c:mdResolver-ref="shibboleth.MetadataResolver" />   
        
    <bean id="shibboleth.AccessControlService"
        class="net.shibboleth.utilities.java.support.security.DelegatingAccessControlService"
        c:acService-ref="shibboleth.ReloadableAccessControlService" />

    <bean id="shibboleth.SAML1AttributeDesignatorsMapperService"
        class="net.shibboleth.idp.saml.attribute.mapping.impl.SAML1AttributeDesignatorsMapperService"
        c:resolverService-ref="shibboleth.AttributeResolverService" />

    <bean id="shibboleth.SAML2AttributesMapperService"
        class="net.shibboleth.idp.saml.attribute.mapping.impl.SAML2AttributesMapperService"
        c:resolverService-ref="shibboleth.AttributeResolverService" />

    <bean id="shibboleth.CASServiceRegistry"
          class="net.shibboleth.idp.cas.service.impl.ReloadingServiceRegistry"
          c:delegate-ref="shibboleth.ReloadableCASServiceRegistry" />

 </beans>
