<beans xmlns="http://www.springframework.org/schema/beans"
       xmlns:webflow="http://www.springframework.org/schema/webflow-config"
       xmlns:context="http://www.springframework.org/schema/context"
       xmlns:p="http://www.springframework.org/schema/p"
       xmlns:c="http://www.springframework.org/schema/c"
       xmlns:xsi="http://www.w3.org/2001/XMLSchema-instance"
       xsi:schemaLocation="http://www.springframework.org/schema/beans http://www.springframework.org/schema/beans/spring-beans.xsd
                           http://www.springframework.org/schema/context http://www.springframework.org/schema/context/spring-context.xsd
                           http://www.springframework.org/schema/webflow-config http://www.springframework.org/schema/webflow-config/spring-webflow-config-2.4.xsd">

    <bean class="org.springframework.context.support.PropertySourcesPlaceholderConfigurer"
        p:placeholderPrefix="%{" p:placeholderSuffix="}" />

    <!-- Default flow mappings. -->
    <bean id="shibboleth.DefaultFlowMap" lazy-init="true"
            class="org.springframework.beans.factory.config.MapFactoryBean">
        <property name="sourceMap">
            <map>
                <!-- Abstract base flow for admin flows. -->
                <entry key="admin.abstract" value="../system/flows/admin/admin-abstract-flow.xml"/>
                
                <!-- Status flow (location is for backward compatibility). -->
                <entry key="status" value="../system/flows/admin/status-flow.xml" />
        
                <!-- Administrative and debugging flows. -->
                <entry key="admin/resolvertest" value="../system/flows/admin/resolvertest-flow.xml" />
                <entry key="admin/reload-service" value="../system/flows/admin/reload-service-flow.xml" />
                <entry key="admin/reload-metadata" value="../system/flows/admin/reload-metadata-flow.xml" />
                <entry key="admin/metrics" value="../system/flows/admin/metrics-flow.xml" />
                <entry key="admin/storage" value="../system/flows/admin/storage-flow.xml" />
                
                <!-- Proprietary logout flow. -->
                <entry key="Logout" value="../system/flows/logout/logout-flow.xml" />
        
                <!-- Logout propagation master flow. -->
                <entry key="PropagateLogout" value="../system/flows/logout/logout-propagation-flow.xml" />
        
                <!-- Logout propagation delegate flows. -->
                <entry key="logoutprop/cas" value="../system/flows/logout/propagation/cas-flow.xml" />
                <entry key="logoutprop/saml2" value="../system/flows/logout/propagation/saml2-flow.xml" />
        
                <!-- Abstract flows underpinning SAML profiles. -->
                <entry key="saml.abstract" value="../system/flows/saml/saml-abstract-flow.xml" />
                <entry key="saml1.sso.abstract" value="../system/flows/saml/saml1/sso-abstract-flow.xml" />
                <entry key="saml2.sso.abstract" value="../system/flows/saml/saml2/sso-abstract-flow.xml" />
                <entry key="saml2.slo.front.abstract" value="../system/flows/saml/saml2/slo-front-abstract-flow.xml" />
        
                <!-- SAML profile flows. -->
                <entry key="Shibboleth/SSO" value="../system/flows/saml/saml1/sso-unsolicited-flow.xml" />
                <entry key="SAML1/SOAP/AttributeQuery" value="../system/flows/saml/saml1/attribute-query-flow.xml" />
                <entry key="SAML1/SOAP/ArtifactResolution" value="../system/flows/saml/saml1/artifact-resolution-flow.xml" />
                <entry key="SAML2/POST/SSO" value="../system/flows/saml/saml2/sso-post-flow.xml" />
                <entry key="SAML2/POST-SimpleSign/SSO" value="../system/flows/saml/saml2/sso-post-flow.xml" />
                <entry key="SAML2/Redirect/SSO" value="../system/flows/saml/saml2/sso-redirect-flow.xml" />
                <entry key="SAML2/Unsolicited/SSO" value="../system/flows/saml/saml2/sso-unsolicited-flow.xml" />
                <entry key="SAML2/SOAP/ECP" value="../system/flows/saml/saml2/sso-ecp-flow.xml" />
                <entry key="SAML2/POST/SLO" value="../system/flows/saml/saml2/slo-post-flow.xml" />
                <entry key="SAML2/POST-SimpleSign/SLO" value="../system/flows/saml/saml2/slo-post-flow.xml" />
                <entry key="SAML2/Redirect/SLO" value="../system/flows/saml/saml2/slo-redirect-flow.xml" />
                <entry key="SAML2/SOAP/SLO" value="../system/flows/saml/saml2/slo-back-flow.xml" />
                <entry key="SAML2/SOAP/AttributeQuery" value="../system/flows/saml/saml2/attribute-query-flow.xml" />
                <entry key="SAML2/SOAP/ArtifactResolution" value="../system/flows/saml/saml2/artifact-resolution-flow.xml" />
                
                <!-- Liberty IDWSF SSOS flow (for SAML 2 delegation) -->
                <entry key="IDWSF/SSOS" value="../system/flows/saml/saml2/idwsf-ssos-flow.xml" />
        
                <!-- Master flow for authentication. -->
                <entry key="authn.events" value="../conf/authn/authn-events-flow.xml" />
                <entry key="authn.abstract" value="../system/flows/authn/authn-abstract-flow.xml" />
                <entry key="authn-initial" value="../system/flows/authn/initial-authn-flow.xml" />
                <entry key="authn" value="../system/flows/authn/authn-flow.xml" />
        
                <!-- Login methods. -->
                <entry key="authn/IPAddress" value="../system/flows/authn/ipaddress-authn-flow.xml" />
                <entry key="authn/RemoteUserInternal" value="../system/flows/authn/remoteuser-internal-authn-flow.xml" />
                <entry key="authn/Password" value="../system/flows/authn/password-authn-flow.xml" />
                <entry key="authn/RemoteUser" value="../system/flows/authn/remoteuser-authn-flow.xml" />
                <entry key="authn/X509" value="../system/flows/authn/x509-authn-flow.xml" />
                <entry key="authn/X509Internal" value="../system/flows/authn/x509-internal-authn-flow.xml" />
                <entry key="authn/SPNEGO" value="../system/flows/authn/spnego-authn-flow.xml" />
                <entry key="authn/External" value="../system/flows/authn/external-authn-flow.xml" />
                <entry key="authn/Duo" value="../system/flows/authn/duo-authn-flow.xml" />
                <entry key="authn/MFA" value="../system/flows/authn/mfa-authn-flow.xml" />
          
                <!-- Master flow for subject c14n. -->
                <entry key="c14n.events" value="../conf/c14n/subject-c14n-events-flow.xml" />
                <entry key="c14n.abstract" value="../system/flows/c14n/subject-c14n-abstract-flow.xml" />
                <entry key="c14n" value="../system/flows/c14n/subject-c14n-flow.xml" />
        
                <!-- Standard post-login C14N methods. -->
                <entry key="c14n/simple" value="../system/flows/c14n/simple-subject-c14n-flow.xml" />
                <entry key="c14n/x500" value="../system/flows/c14n/x500-subject-c14n-flow.xml" />
                <entry key="c14n/attribute" value="../system/flows/c14n/attribute-sourced-subject-c14n-flow.xml" />
        
                <!--
                Standard SAML C14N methods, including one supporting legacy use of the attribute resolver.
                These all map to the same flow, and they derive the bean ID of an action to run based on the
                flow id after the slash.
                -->
                <entry key="c14n/SAML2Transient" value="../system/flows/c14n/subject-c14n-saml-default-flow.xml" />
                <entry key="c14n/SAML2CryptoTransient" value="../system/flows/c14n/subject-c14n-saml-default-flow.xml" />
                <entry key="c14n/SAML2Persistent" value="../system/flows/c14n/subject-c14n-saml-default-flow.xml" />
                <entry key="c14n/SAML2Transform" value="../system/flows/c14n/subject-c14n-saml-default-flow.xml" />
                <entry key="c14n/SAML1Transient" value="../system/flows/c14n/subject-c14n-saml-default-flow.xml" />
                <entry key="c14n/SAML1CryptoTransient" value="../system/flows/c14n/subject-c14n-saml-default-flow.xml" />
                <entry key="c14n/SAML1Transform" value="../system/flows/c14n/subject-c14n-saml-default-flow.xml" />
                <entry key="c14n/LegacyPrincipalConnector" value="../system/flows/c14n/subject-c14n-saml-default-flow.xml" />
        
                <!-- Master intercept flow. -->
                <entry key="intercept.events" value="../conf/intercept/intercept-events-flow.xml" />
                <entry key="intercept.abstract" value="../system/flows/intercept/intercept-abstract-flow.xml" />
                <entry key="intercept" value="../system/flows/intercept/intercept-flow.xml" />
        
                <!-- Built-in intercept flows. -->
                <entry key="intercept/context-check" value="../system/flows/intercept/context-check-flow.xml" />
                <entry key="intercept/expiring-password" value="../system/flows/intercept/expiring-password-flow.xml" />
                <entry key="intercept/terms-of-use" value="../system/flows/intercept/terms-of-use-flow.xml" />
                <entry key="intercept/attribute-release" value="../system/flows/intercept/attribute-release-flow.xml" />
        
                <!-- Inbound security processing of SAML messages, implemented as intercept flows. -->
                <entry key="security-policy.abstract" value="../system/flows/saml/security-abstract-flow.xml" />
                <entry key="intercept/security-policy/shibboleth-sso" value="../system/flows/saml/saml1/sso-security-flow.xml" />
                <entry key="intercept/security-policy/saml2-sso" value="../system/flows/saml/saml2/sso-security-flow.xml" />
                <entry key="intercept/security-policy/saml2-ecp" value="../system/flows/saml/saml2/ecp-security-flow.xml" />
                <entry key="intercept/security-policy/saml2-slo" value="../system/flows/saml/saml2/slo-security-flow.xml" />
                <entry key="intercept/security-policy/saml2-idwsf-ssos" value="../system/flows/saml/saml2/idwsf-ssos-security-flow.xml" />
                <entry key="intercept/security-policy/saml-soap" value="../system/flows/saml/soap-security-flow.xml" />
        
                <!-- CAS protocol flows. -->
                <entry key="cas.abstract" value="../system/flows/cas/cas-abstract-flow.xml" />
                <entry key="cas.abstractValidate" value="../system/flows/cas/validate-abstract-flow.xml" />
                <entry key="cas/login" value="../system/flows/cas/login/login-flow.xml" />
                <entry key="cas/proxy" value="../system/flows/cas/proxy/proxy-flow.xml" />
                <entry key="cas/serviceValidate" value="../system/flows/cas/serviceValidate/serviceValidate-flow.xml" />
                <entry key="cas/proxyValidate" value="../system/flows/cas/proxyValidate/proxyValidate-flow.xml" />
                <entry key="cas/samlValidate" value="../system/flows/cas/samlValidate/samlValidate-flow.xml" />
                <entry key="cas/validate" value="../system/flows/cas/validate/validate-flow.xml" />
                <entry key="cas/logout" value="../system/flows/logout/logout-flow.xml" />
        
                <!-- Client storage flows. -->
                <entry key="client-storage/read" value="../system/flows/client-storage/client-storage-read-flow.xml" />
                <entry key="client-storage/write" value="../system/flows/client-storage/client-storage-write-flow.xml" />
            </map>
        </property>
    </bean>
    
    <!-- Default flow patterns with null values signifying use of the basePath on the registry to compute flow IDs. -->
    <bean id="shibboleth.DefaultFlowPatterns" lazy-init="true"
        class="org.springframework.beans.factory.config.MapFactoryBean">
        <property name="sourceMap">
            <map>
                <!-- Load user flows out of config directory relative to base path property. -->
                <entry key="/**/*-flow.xml">
                    <null/>
                </entry>
                
                <!-- Load plugin-defined flows from well-known classpath location. -->
                <entry key="classpath*:/META-INF/net/shibboleth/idp/flows/**/*-flow.xml"
                    value="/META-INF/net/shibboleth/idp/flows" />
            </map>
        </property>
    </bean>
    
    <!-- Custom factory bean for a flow registry that works around various SWF limitations. -->
    <bean id="flowRegistry"
        class="net.shibboleth.idp.profile.spring.factory.FlowDefinitionRegistryFactoryBean"
        p:flowBuilderServices-ref="flowBuilderServices"
        p:basePath="%{idp.webflows:%{idp.home}/flows}"
        p:parent="#{getObject('shibboleth.ParentFlowRegistry')}"
        p:flowLocations="#{getObject('shibboleth.FlowMap') ?: getObject('shibboleth.DefaultFlowMap')}"
        p:flowLocationPatterns="#{getObject('shibboleth.FlowPatterns') ?: getObject('shibboleth.DefaultFlowPatterns')}" />

    <webflow:flow-executor id="flowExecutor">
        <webflow:flow-execution-repository max-execution-snapshots="0" conversation-manager="conversationManager" />
        <webflow:flow-execution-listeners>
            <webflow:listener ref="profileRequestContextFlowExecutionListener"
                              criteria="%{idp.profile.exposeProfileRequestContextInServletRequest:*}" />
        </webflow:flow-execution-listeners>
    </webflow:flow-executor>

    <bean id="conversationManager" class="org.springframework.webflow.conversation.impl.SessionBindingConversationManager"
        p:lockTimeoutSeconds="%{idp.webflow.timeout:30}" p:maxConversations="%{idp.webflow.maxConversations:5}" />

    <webflow:flow-builder-services id="flowBuilderServices" view-factory-creator="mvcViewFactoryCreator" />

    <bean id="mvcViewFactoryCreator" class="org.springframework.webflow.mvc.builder.MvcViewFactoryCreator">
        <property name="viewResolvers">
            <list>
                <ref bean="shibboleth.VelocityViewResolver" />
                <ref bean="shibboleth.InternalViewResolver" />
            </list>
        </property>
    </bean>

    <bean id="profileRequestContextFlowExecutionListener"
          class="net.shibboleth.idp.profile.support.ProfileRequestContextFlowExecutionListener" />

</beans>
