<?xml version="1.0" encoding="UTF-8"?>
<beans
    xmlns="http://www.springframework.org/schema/beans"
    xmlns:c="http://www.springframework.org/schema/c"
    xmlns:context="http://www.springframework.org/schema/context"
    xmlns:p="http://www.springframework.org/schema/p"
    xmlns:util="http://www.springframework.org/schema/util"
    xmlns:xsi="http://www.w3.org/2001/XMLSchema-instance"
    xsi:schemaLocation="http://www.springframework.org/schema/beans http://www.springframework.org/schema/beans/spring-beans.xsd
                           http://www.springframework.org/schema/context http://www.springframework.org/schema/context/spring-context.xsd
                           http://www.springframework.org/schema/util http://www.springframework.org/schema/util/spring-util.xsd"
    default-init-method="initialize"
    default-destroy-method="destroy">

    <util:constant id="shibboleth.MetadataLookup.Protocol"
        static-field="org.opensaml.saml.common.xml.SAMLConstants.SAML11P_NS" />

    <util:constant id="shibboleth.MetadataLookup.Role"
        static-field="org.opensaml.saml.saml2.metadata.SPSSODescriptor.DEFAULT_ELEMENT_NAME" />
    
    <bean id="AddResponseShell"
            class="org.opensaml.saml.saml1.profile.impl.AddResponseShell" scope="prototype"
            p:overwriteExisting="true">
        <property name="identifierGeneratorLookupStrategy">
            <bean class="net.shibboleth.idp.profile.config.navigate.IdentifierGenerationStrategyLookupFunction"
                p:defaultIdentifierGenerationStrategy-ref="shibboleth.DefaultIdentifierGenerationStrategy" />
        </property>
    </bean>

    <bean id="AddAuthenticationStatementToAssertion"
            class="net.shibboleth.idp.saml.saml1.profile.impl.AddAuthenticationStatementToAssertion" scope="prototype"
            p:httpServletRequest-ref="shibboleth.HttpServletRequest">
        <property name="identifierGeneratorLookupStrategy">
            <bean class="net.shibboleth.idp.profile.config.navigate.IdentifierGenerationStrategyLookupFunction"
                p:defaultIdentifierGenerationStrategy-ref="shibboleth.DefaultIdentifierGenerationStrategy" />
        </property>
        <property name="authenticationMethodLookupStrategy">
            <bean class="net.shibboleth.idp.authn.principal.DefaultPrincipalDeterminationStrategy"
                    c:type="net.shibboleth.idp.saml.authn.principal.AuthenticationMethodPrincipal"
                    p:weightMap="#{getObject('shibboleth.AuthenticationPrincipalWeightMap')}">
                <constructor-arg name="principal">
                    <bean class="net.shibboleth.idp.saml.authn.principal.AuthenticationMethodPrincipal"
                        c:method="#{T(org.opensaml.saml.saml1.core.AuthenticationStatement).UNSPECIFIED_AUTHN_METHOD}" />
                </constructor-arg>
            </bean>
        </property>
    </bean>

    <bean id="AddAttributeStatementToAssertion"
            class="net.shibboleth.idp.saml.saml1.profile.impl.AddAttributeStatementToAssertion" scope="prototype">
        <property name="activationCondition">
            <bean class="net.shibboleth.idp.saml.profile.config.logic.IncludeAttributeStatementPredicate" />
        </property>
        <property name="identifierGeneratorLookupStrategy">
            <bean class="net.shibboleth.idp.profile.config.navigate.IdentifierGenerationStrategyLookupFunction"
                p:defaultIdentifierGenerationStrategy-ref="shibboleth.DefaultIdentifierGenerationStrategy" />
        </property>
    </bean>

    <bean id="InitializeOutboundMessageContextForError"
            class="net.shibboleth.idp.saml.profile.impl.InitializeOutboundMessageContextForError" scope="prototype">
        <property name="outboundBinding">
            <util:constant static-field="org.opensaml.saml.common.xml.SAMLConstants.SAML1_SOAP11_BINDING_URI"/>
        </property>
    </bean>

    <bean id="AddStatusToResponse"
            class="org.opensaml.saml.saml1.profile.impl.AddStatusToResponse" scope="prototype"
            p:statusMessage="An error occurred.">
        <property name="detailedErrorsCondition">
            <bean class="net.shibboleth.idp.profile.config.logic.DetailedErrorsPredicate" />
        </property>
        <property name="statusCodes">
            <list>
                <util:constant static-field="org.opensaml.saml.saml1.core.StatusCode.RESPONDER" />
            </list>
        </property>
        <property name="statusCodesLookupStrategy">
            <bean class="org.opensaml.saml.saml1.profile.impl.AddStatusToResponse.StatusCodeMappingFunction"
                     c:mappings-ref="shibboleth.SAML1StatusMappings" />
        </property>
        <property name="statusMessageLookupStrategy">
            <bean class="net.shibboleth.idp.profile.context.navigate.SpringStatusMessageLookupFunction" />
        </property>
    </bean>

</beans>
