<flow xmlns="http://www.springframework.org/schema/webflow"
      xmlns:xsi="http://www.w3.org/2001/XMLSchema-instance"
      xsi:schemaLocation="http://www.springframework.org/schema/webflow http://www.springframework.org/schema/webflow/spring-webflow.xsd">

    <!--
    This is an example flow that displays a view template in response to an expiring password.
    The view might display a pointer to the password change portal while automatically continuing
    after a few seconds.
    -->

    <!-- Rudimentary impediment to direct execution of subflow. -->
    <input name="calledAsSubflow" type="boolean" required="true" />

    <view-state id="ExpiringPassword" view="intercept/expiring-password">
        <on-render>
            <evaluate expression="environment" result="viewScope.environment" />
            <evaluate expression="opensamlProfileRequestContext" result="viewScope.profileRequestContext" />
            <evaluate expression="opensamlProfileRequestContext.getSubcontext(T(net.shibboleth.idp.authn.context.AuthenticationContext))" result="viewScope.authenticationContext" />
            <evaluate expression="authenticationContext.getSubcontext(T(net.shibboleth.idp.authn.context.AuthenticationErrorContext))" result="viewScope.authenticationErrorContext" />
            <evaluate expression="authenticationContext.getSubcontext(T(net.shibboleth.idp.authn.context.AuthenticationWarningContext))" result="viewScope.authenticationWarningContext" />
            <evaluate expression="authenticationContext.getSubcontext(T(net.shibboleth.idp.authn.context.LDAPResponseContext))" result="viewScope.ldapResponseContext" />
            <evaluate expression="T(net.shibboleth.utilities.java.support.codec.HTMLEncoder)" result="viewScope.encoder" />
            <evaluate expression="flowRequestContext.getExternalContext().getNativeRequest()" result="viewScope.request" />
            <evaluate expression="flowRequestContext.getExternalContext().getNativeResponse()" result="viewScope.response" />
            <evaluate expression="flowRequestContext.getActiveFlow().getApplicationContext().containsBean('shibboleth.CustomViewContext') ? flowRequestContext.getActiveFlow().getApplicationContext().getBean('shibboleth.CustomViewContext') : null" result="viewScope.custom" />
        </on-render>
        <transition on="proceed" to="proceed" />
    </view-state>

    <end-state id="proceed" />

</flow>
