<?xml version="1.0" encoding="UTF-8"?>
<beans xmlns="http://www.springframework.org/schema/beans" xmlns:xsi="http://www.w3.org/2001/XMLSchema-instance"
    xmlns:context="http://www.springframework.org/schema/context" xmlns:c="http://www.springframework.org/schema/c"
    xmlns:p="http://www.springframework.org/schema/p" xmlns:util="http://www.springframework.org/schema/util"
    xsi:schemaLocation="http://www.springframework.org/schema/beans http://www.springframework.org/schema/beans/spring-beans.xsd
                           http://www.springframework.org/schema/context http://www.springframework.org/schema/context/spring-context.xsd
                           http://www.springframework.org/schema/util http://www.springframework.org/schema/util/spring-util.xsd"

    default-init-method="initialize" default-destroy-method="destroy">

    <bean class="org.springframework.context.support.PropertySourcesPlaceholderConfigurer"
        p:placeholderPrefix="%{" p:placeholderSuffix="}" />

    <bean class="net.shibboleth.idp.profile.impl.ProfileActionBeanPostProcessor" />
    <bean class="net.shibboleth.ext.spring.config.IdentifiableBeanPostProcessor" />

    <import resource="../../../conf/intercept/consent-intercept-config.xml" />

    <bean id="AttributeReleaseConsentFunction"
        class="net.shibboleth.idp.consent.logic.impl.AttributeReleaseConsentFunction" scope="prototype" />

    <bean id="AttributeConsentFlowDescriptorLookupStrategy"
        class="net.shibboleth.idp.consent.logic.impl.FlowDescriptorLookupFunction"
        c:type="#{ T(net.shibboleth.idp.consent.flow.ar.impl.AttributeReleaseFlowDescriptor) }" />

    <bean id="GlobalAttributeConsentPredicate"
        class="net.shibboleth.idp.consent.logic.impl.GlobalAttributeConsentPredicate" />

    <bean id="IsConsentRequiredPredicate"
        class="net.shibboleth.idp.consent.logic.impl.IsConsentRequiredPredicate" />

    <!-- Predicate used to determine if consent should be obtained for an attribute. -->
    <bean id="AttributePredicate"
        class="net.shibboleth.idp.consent.logic.impl.AttributePredicate"
        p:whitelistedAttributeIds-ref="shibboleth.consent.attribute-release.WhitelistedAttributeIDs"
        p:blacklistedAttributeIds-ref="shibboleth.consent.attribute-release.BlacklistedAttributeIDs"
        p:attributeIdMatchExpression="#{getObject('shibboleth.consent.attribute-release.MatchExpression')}" />

    <!-- Functions to return a storage key consisting of the user identifier. -->

    <bean id="shibboleth.consent.PrincipalConsentStorageKey"
        class="com.google.common.base.Functions" factory-method="compose"
        c:g-ref="shibboleth.PrincipalNameLookup.Subject"
        c:f-ref="shibboleth.ChildLookup.SubjectContext" />
        
    <bean id="shibboleth.consent.AttributeConsentStorageKey"
        class="net.shibboleth.idp.consent.logic.impl.AttributeValueLookupFunction"
        c:userAttributeId="%{idp.consent.userStorageKeyAttribute:uid}" />
        
    <alias name="%{idp.consent.userStorageKey:shibboleth.consent.PrincipalConsentStorageKey}"
        alias="shibboleth.consent.UserStorageKey" />

    <!--
    Function to return a storage key consisting of the user identifier and relying party ID
    joined by a delimiter.
    -->
    <bean id="shibboleth.consent.UserAndRelyingPartyStorageKey"
        class="net.shibboleth.idp.consent.logic.impl.JoinFunction"
        c:functionA-ref="shibboleth.consent.UserStorageKey"
        c:functionB-ref="shibboleth.RelyingPartyIdLookup.Simple" />

    <!--
    Function to return the storage key of the index record containing all storage keys
    of the storage context.
    -->
    <bean id="shibboleth.consent.UserStorageIndexKey"
        class="net.shibboleth.idp.consent.logic.impl.JoinFunction"
        c:functionA-ref="shibboleth.consent.UserStorageKey">
        <constructor-arg name="functionB">
            <bean class="com.google.common.base.Functions" factory-method="constant">
                <constructor-arg>
                    <util:constant
                        static-field="net.shibboleth.idp.consent.flow.storage.impl.AbstractConsentIndexedStorageAction.DEFAULT_STORAGE_INDEX_KEY" />
                </constructor-arg>
            </bean>
        </constructor-arg>
    </bean>

    <!-- Serializer for consent records with symbolics support. -->
    <bean id="shibboleth.consent.ConsentSerializer"
        class="net.shibboleth.idp.consent.storage.impl.ConsentSerializer"
        p:symbolics-ref="shibboleth.consent.AttributeSymbolics" />

    <!-- Default comparator which orders attributes according to the whitelist. -->
    <bean id="DefaultAttributeIDComparator"
        class="net.shibboleth.idp.consent.logic.impl.PreferExplicitOrderComparator"
        c:order="#{getObject('shibboleth.consent.attribute-release.AttributeDisplayOrder')}" />

    <!-- Action beans -->

    <bean id="InitializeConsentContext"
        class="net.shibboleth.idp.consent.flow.impl.InitializeConsentContext" scope="prototype" />

    <bean id="InitializeAttributeConsentContext"
        class="net.shibboleth.idp.consent.flow.ar.impl.InitializeAttributeReleaseContext" scope="prototype" />

    <bean id="PopulateAttributeConsentContext"
        class="net.shibboleth.idp.consent.flow.ar.impl.PopulateAttributeReleaseContext" scope="prototype"
        p:attributePredicate-ref="AttributePredicate"
        p:attributeIdComparator="#{getObject('shibboleth.consent.attribute-release.AttributeIDComparator') ?: getObject('DefaultAttributeIDComparator') }" />

    <bean id="PopulatePreConsentAuditContext"
        class="net.shibboleth.idp.profile.audit.impl.PopulateAuditContext" scope="prototype"
        p:auditContextCreationStrategy-ref="shibboleth.consent.ChildLookup.ConsentAuditContext"
        p:fieldExtractors-ref="shibboleth.consent.PreConsentAuditExtractors"
        p:formattingMap-ref="shibboleth.consent.attribute-release.AuditFormattingMap" />

    <bean id="PopulateConsentContext"
        class="net.shibboleth.idp.consent.flow.impl.PopulateConsentContext" scope="prototype"
        c:currentConsentsFunction-ref="AttributeReleaseConsentFunction"  />

    <bean id="FallbackLanguages" parent="shibboleth.CommaDelimStringArray" c:_0="#{'%{idp.ui.fallbackLanguages:}'.trim()}" />

    <bean id="SetRPUIInformation"
            class="net.shibboleth.idp.ui.impl.SetRPUIInformation" scope="prototype"
            p:httpServletRequest-ref="shibboleth.HttpServletRequest"
            p:fallbackLanguages-ref="FallbackLanguages"/>

    <bean id="RevokeConsent"
        class="net.shibboleth.idp.consent.flow.storage.impl.RevokeConsent" scope="prototype"
        p:storageKeyLookupStrategy-ref="shibboleth.consent.UserAndRelyingPartyStorageKey"
        p:storageIndexKeyLookupStrategy-ref="shibboleth.consent.UserStorageIndexKey" />

    <bean id="RevokeGlobalAttributeConsent"
        class="net.shibboleth.idp.consent.flow.storage.impl.RevokeConsent" scope="prototype"
        p:storageKeyLookupStrategy-ref="shibboleth.consent.UserStorageKey"
        p:storageIndexKeyLookupStrategy-ref="shibboleth.consent.UserStorageIndexKey" />

    <bean id="ReadConsentFromStorage"
        class="net.shibboleth.idp.consent.flow.storage.impl.ReadConsentFromStorage" scope="prototype"
        p:storageKeyLookupStrategy-ref="shibboleth.consent.UserAndRelyingPartyStorageKey"
        p:storageSerializer-ref="shibboleth.consent.ConsentSerializer" />

    <bean id="ReadGlobalAttributeConsentFromStorage"
        class="net.shibboleth.idp.consent.flow.storage.impl.ReadConsentFromStorage" scope="prototype"
        p:storageKeyLookupStrategy-ref="shibboleth.consent.UserStorageKey" />

    <bean id="PopulateConsentAuditContext"
        class="net.shibboleth.idp.profile.audit.impl.PopulateAuditContext" scope="prototype"
        p:auditContextCreationStrategy-ref="shibboleth.consent.ChildLookup.ConsentAuditContext"
        p:fieldExtractors-ref="shibboleth.consent.ConsentAuditExtractors"
        p:formattingMap-ref="shibboleth.consent.attribute-release.AuditFormattingMap" />

    <bean id="ExtractConsent"
        class="net.shibboleth.idp.consent.flow.impl.ExtractConsent" scope="prototype"
        p:httpServletRequest-ref="shibboleth.HttpServletRequest" />

    <bean id="CreateResult"
        class="net.shibboleth.idp.consent.flow.storage.impl.CreateResult" scope="prototype"
        p:storageKeyLookupStrategy-ref="shibboleth.consent.UserAndRelyingPartyStorageKey" 
        p:storageIndexKeyLookupStrategy-ref="shibboleth.consent.UserStorageIndexKey"
        p:storageSerializer-ref="shibboleth.consent.ConsentSerializer" />

    <bean id="CreateGlobalConsentResult"
        class="net.shibboleth.idp.consent.flow.storage.impl.CreateGlobalConsentResult" scope="prototype" 
        p:storageKeyLookupStrategy-ref="shibboleth.consent.UserStorageKey"
        p:storageIndexKeyLookupStrategy-ref="shibboleth.consent.UserStorageIndexKey" />

    <bean id="ReleaseAttributes"
        class="net.shibboleth.idp.consent.flow.ar.impl.ReleaseAttributes" scope="prototype" />

    <bean id="WriteAttributeReleaseConsentAuditLog"
        class="net.shibboleth.idp.profile.audit.impl.WriteAuditLog" scope="prototype"
        p:auditContextLookupStrategy-ref="shibboleth.consent.ChildLookup.ConsentAuditContext"
        p:formattingMap-ref="shibboleth.consent.attribute-release.AuditFormattingMap"
        p:httpServletRequest-ref="shibboleth.HttpServletRequest" />

</beans>
