<flow xmlns="http://www.springframework.org/schema/webflow"
      xmlns:xsi="http://www.w3.org/2001/XMLSchema-instance"
      xsi:schemaLocation="http://www.springframework.org/schema/webflow http://www.springframework.org/schema/webflow/spring-webflow.xsd"
      abstract="true" parent="c14n.events">

    <!-- Rudimentary impediment to direct execution of subflow. -->
    <input name="calledAsSubflow" type="boolean" required="true" />

    <!-- Defines the possible end-state events, and a global transition rule. -->

    <!-- Successful completion of subflow. -->
    <end-state id="proceed" />

    <!-- Error events to reflect back from this subflow. -->
    <end-state id="InvalidProfileContext" />
    <end-state id="InvalidSubject" />
    <end-state id="InvalidSubjectContext" />
    <end-state id="InvalidSubjectCanonicalizationContext" />
    <end-state id="NoPotentialFlow" />
    <end-state id="ReselectFlow" />
    <end-state id="RuntimeException" />
    <end-state id="SubjectCanonicalizationError" />

    <action-state id="LogRuntimeException">
        <evaluate expression="T(org.slf4j.LoggerFactory).getLogger('net.shibboleth.idp.authn').error('Uncaught runtime exception', flowExecutionException.getCause() ?: flowExecutionException)" />
        <transition to="RuntimeException" />
    </action-state>

    <!-- Default is to turn known error events into end-state, except InvalidSubject, which triggers a Reselect. -->
    <global-transitions>
        <transition on-exception="java.lang.RuntimeException" to="LogRuntimeException" />
        <transition on="InvalidSubject" to="ReselectFlow" />
        
        <transition on="InvalidProfileContext" to="InvalidProfileContext" />
        <transition on="InvalidSubjectContext" to="InvalidSubjectContext" />
        <transition on="InvalidSubjectCanonicalizationContext" to="InvalidSubjectCanonicalizationContext" />
        <transition on="NoPotentialFlow" to="NoPotentialFlow" />
        <transition on="ReselectFlow" to="ReselectFlow" />
        <transition on="RuntimeException" to="RuntimeException" />
        <transition on="SubjectCanonicalizationError" to="SubjectCanonicalizationError" />
    </global-transitions>

</flow>
