<flow xmlns="http://www.springframework.org/schema/webflow"
      xmlns:xsi="http://www.w3.org/2001/XMLSchema-instance"
      xsi:schemaLocation="http://www.springframework.org/schema/webflow http://www.springframework.org/schema/webflow/spring-webflow.xsd"
      abstract="true">

    <!-- Rudimentary impediment to direct execution of subflow. -->
    <input name="calledAsSubflow" type="boolean" required="true" />

    <!-- Defines the possible end-state events, and a global transition rule. -->

    <!-- Successful completion of subflow. -->
    <end-state id="proceed" />

    <!-- Error events to reflect back from this subflow. -->
    <end-state id="MessageExpired" />
    <end-state id="MessageReplay" />
    <end-state id="MessageAuthenticationError" />

    <!-- Default is to turn any error event into its own end-state. -->
    <global-transitions>
        <transition on="MessageExpired" to="MessageExpired" />
        <transition on="MessageReplay" to="MessageReplay" />
        <transition on="MessageAuthenticationError" to="MessageAuthenticationError" />
    </global-transitions>

</flow>
