<?xml version="1.0" encoding="UTF-8"?>
<beans xmlns="http://www.springframework.org/schema/beans"
       xmlns:xsi="http://www.w3.org/2001/XMLSchema-instance"
       xmlns:context="http://www.springframework.org/schema/context"
       xmlns:c="http://www.springframework.org/schema/c"
       xmlns:p="http://www.springframework.org/schema/p"
       xmlns:util="http://www.springframework.org/schema/util"       
       xsi:schemaLocation="http://www.springframework.org/schema/beans http://www.springframework.org/schema/beans/spring-beans.xsd
                           http://www.springframework.org/schema/context http://www.springframework.org/schema/context/spring-context.xsd
                           http://www.springframework.org/schema/util http://www.springframework.org/schema/util/spring-util.xsd"

       default-init-method="initialize"
       default-destroy-method="destroy">
       
    <bean class="org.springframework.context.support.PropertySourcesPlaceholderConfigurer"
        p:placeholderPrefix="%{" p:placeholderSuffix="}" />

    <bean class="net.shibboleth.ext.spring.config.IdentifiableBeanPostProcessor" />
    <bean class="net.shibboleth.idp.profile.impl.ProfileActionBeanPostProcessor" />

    <import resource="../../../conf/intercept/expiring-password-intercept-config.xml" />

    <!-- Simplifies flow definition expressions. -->
    <alias name="shibboleth.expiring-password.Condition" alias="ExpiringPasswordPredicate"/>
    <alias name="shibboleth.PersistentCookieManager" alias="ExpiringPasswordCookieManager" />
    <alias name="shibboleth.expiring-password.NotifyCookieName" alias="ExpiringPasswordCookieName" />
    <alias name="shibboleth.expiring-password.NotifyInterval" alias="ExpiringPasswordNotifyInterval" />
    
</beans>
