<?xml version="1.0" encoding="UTF-8" standalone="no"?>
<flow xmlns="http://www.springframework.org/schema/webflow"
      xmlns:xsi="http://www.w3.org/2001/XMLSchema-instance"
      xsi:schemaLocation="
          http://www.springframework.org/schema/webflow http://www.springframework.org/schema/webflow/spring-webflow-2.0.xsd"
      parent="cas.abstract">

    <action-state id="InitializeLogin">
        <on-entry>
            <evaluate result="flowScope.hasAuthenticationContext" expression="false" />
        </on-entry>
        <evaluate expression="InitializeProfileRequestContext"/>
        <evaluate expression="PopulateClientStorageLoadContext" />
        <evaluate expression="'proceed'" />
        <transition on="proceed" to="ClientStorageLoad" />
        <transition on="NoLoadNeeded" to="ContinueLogin" />
    </action-state>

    <subflow-state id="ClientStorageLoad" subflow="client-storage/read">
        <input name="calledAsSubflow" value="true" />
        <transition on="proceed" to="ContinueLogin"/>
    </subflow-state>

    <action-state id="ContinueLogin">
        <evaluate expression="PopulateSessionContext"/>
        <evaluate expression="InitializeLogin" />
        <evaluate expression="BuildRelyingPartyContext" />
        <evaluate expression="BuildSAMLMetadataContext" />
        <evaluate expression="SelectRelyingPartyConfiguration" />
        <evaluate expression="SelectProfileConfiguration" />
        <evaluate expression="PublishProtocolRequest" />
        <evaluate expression="'proceed'" />
        <transition on="proceed" to="CheckAuthenticationRequired" />
    </action-state>

    <decision-state id="CheckAuthenticationRequired">
        <if test="flowScope.serviceTicketRequest.gateway"
            then="PrepareForRedirectToService"
            else="CheckInitialAuthenticationRequired" />
    </decision-state>

    <action-state id="PrepareForRedirectToService">
        <set name="flowScope.redirectUrl" value="flowScope.serviceTicketRequest.service" />
        <transition to="RedirectToService" />
    </action-state>

    <decision-state id="CheckInitialAuthenticationRequired">
        <if test="InitialAuthenticationFlag" then="PreInitialSetup" else="PostInitialSetup" />
    </decision-state>

    <action-state id="PreInitialSetup">
        <evaluate expression="BuildAuthenticationContext"/>
        <evaluate expression="'proceed'" />

        <transition on="proceed" to="DoInitialAuthenticationSubflow" />
    </action-state>

    <subflow-state id="DoInitialAuthenticationSubflow" subflow="authn-initial">
        <input name="calledAsSubflow" value="true" />
        <transition on="proceed" to="PostInitialSetup" />
    </subflow-state>

    <action-state id="PostInitialSetup">
        <evaluate expression="BuildAuthenticationContext"/>
        <evaluate expression="'proceed'" />

        <transition on="proceed" to="DoAuthenticationSubflow" />
    </action-state>

    <subflow-state id="DoAuthenticationSubflow" subflow="authn">
        <input name="calledAsSubflow" value="true" />
        <transition on="proceed" to="CheckResolveAttributes">
            <evaluate result="flowScope.hasAuthenticationContext" expression="true" />
        </transition>
    </subflow-state>

    <decision-state id="CheckResolveAttributes">
        <if test="LoginConfigLookup.apply(opensamlProfileRequestContext).isResolveAttributes()"
            then="CheckForSubjectContext"
            else="GrantServiceTicket" />
    </decision-state>

    <decision-state id="CheckForSubjectContext">
        <if test="SubjectContextLookup.apply(opensamlProfileRequestContext) == null"
            then="PopulateSubjectContext"
            else="ResolveAttributes" />
    </decision-state>

    <action-state id="PopulateSubjectContext">
        <evaluate expression="PopulateSubjectContext" />
        <evaluate expression="'proceed'" />
        <transition on="proceed" to="ResolveAttributes" />
    </action-state>

    <action-state id="ResolveAttributes">
        <evaluate expression="ResolveAttributes" />
        <evaluate expression="FilterAttributes" />
        <evaluate expression="PopulatePostAuthnInterceptContext" />
        <evaluate expression="'proceed'" />
        <transition on="proceed" to="CheckPostAuthnInterceptContext" />
    </action-state>

    <decision-state id="CheckPostAuthnInterceptContext">
        <if test="opensamlProfileRequestContext.getSubcontext(T(net.shibboleth.idp.profile.context.ProfileInterceptorContext)).getAvailableFlows().isEmpty()"
            then="GrantServiceTicket" else="DoPostAuthnInterceptSubflow" />
    </decision-state>

    <subflow-state id="DoPostAuthnInterceptSubflow" subflow="intercept">
        <input name="calledAsSubflow" value="true" />
        <transition on="proceed" to="GrantServiceTicket" />
    </subflow-state>

    <action-state id="GrantServiceTicket">
        <evaluate expression="GrantServiceTicket" />
        <evaluate expression="PublishProtocolResponse" />
        <evaluate expression="PopulateClientStorageSaveContext" />
        <evaluate expression="'proceed'" />
        <transition on="proceed" to="ClientStorageSave" />
        <transition on="NoSaveNeeded" to="RedirectToService">
            <set name="flowScope.redirectUrl" value="flowScope.serviceTicketResponse.redirectUrl" />
        </transition>
    </action-state>

    <subflow-state id="ClientStorageSave" subflow="client-storage/write">
        <input name="calledAsSubflow" value="true" />
        <transition on="proceed" to="RedirectToService">
            <set name="flowScope.redirectUrl" value="flowScope.serviceTicketResponse.redirectUrl" />
        </transition>
    </subflow-state>

    <!-- Redirect end states -->
    <end-state id="RedirectToService" view="externalRedirect:#{flowScope.redirectUrl}">
        <on-entry>
            <evaluate expression="PopulateAuditContext" />
            <evaluate expression="WriteAuditLog" />
        </on-entry>
    </end-state>

    <bean-import resource="login-beans.xml" />

</flow>