<?xml version="1.0" encoding="UTF-8"?>
<beans xmlns="http://www.springframework.org/schema/beans"
       xmlns:context="http://www.springframework.org/schema/context"
       xmlns:util="http://www.springframework.org/schema/util"
       xmlns:p="http://www.springframework.org/schema/p"
       xmlns:c="http://www.springframework.org/schema/c"
       xmlns:xsi="http://www.w3.org/2001/XMLSchema-instance"
       xsi:schemaLocation="http://www.springframework.org/schema/beans http://www.springframework.org/schema/beans/spring-beans.xsd
                           http://www.springframework.org/schema/context http://www.springframework.org/schema/context/spring-context.xsd
                           http://www.springframework.org/schema/util http://www.springframework.org/schema/util/spring-util.xsd"
                           
       default-init-method="initialize"
       default-destroy-method="destroy">

    <import resource="../../conf/c14n/subject-c14n.xml" />

    <bean id="shibboleth.PostLoginSubjectCanonicalizationFlow" abstract="true"
        class="net.shibboleth.idp.authn.SubjectCanonicalizationFlowDescriptor" />

    <bean id="c14n/simple" parent="shibboleth.PostLoginSubjectCanonicalizationFlow">
        <property name="activationCondition">
            <bean class="net.shibboleth.idp.authn.impl.SimpleSubjectCanonicalization.ActivationCondition" />
        </property>
    </bean>

    <bean id="c14n/x500" parent="shibboleth.PostLoginSubjectCanonicalizationFlow">
        <property name="activationCondition">
            <bean class="net.shibboleth.idp.authn.impl.X500SubjectCanonicalization.ActivationCondition" />
        </property>
    </bean>

    <bean id="c14n/LegacyPrincipalConnector" class="net.shibboleth.idp.authn.SubjectCanonicalizationFlowDescriptor">
        <property name="activationCondition">
            <bean class="net.shibboleth.idp.saml.nameid.impl.LegacyCanonicalization.ActivationCondition" 
                c:service-ref="shibboleth.AttributeResolverService"/>
        </property>
    </bean>

    <bean id="shibboleth.AbstractSAML1C14NFlowBean" abstract="true"
            class="net.shibboleth.idp.saml.nameid.NameIDCanonicalizationFlowDescriptor">
        <property name="activationCondition">
            <bean class="net.shibboleth.idp.saml.nameid.impl.NameIdentifierCanonicalization.ActivationCondition" />
        </property>
    </bean>

    <bean id="shibboleth.AbstractSAML2C14NFlowBean" abstract="true"
            class="net.shibboleth.idp.saml.nameid.NameIDCanonicalizationFlowDescriptor">
        <property name="activationCondition">
            <bean class="net.shibboleth.idp.saml.nameid.impl.NameIDCanonicalization.ActivationCondition" />
        </property>
    </bean>

    <bean id="c14n/SAML2Persistent" parent="shibboleth.AbstractSAML2C14NFlowBean"
        p:formats="#{ {'urn:oasis:names:tc:SAML:2.0:nameid-format:persistent'} }" />

    <bean id="c14n/SAML2Transient" parent="shibboleth.AbstractSAML2C14NFlowBean"
        p:formats="#{ {'urn:oasis:names:tc:SAML:2.0:nameid-format:transient'} }" />
    
    <bean id="c14n/SAML2CryptoTransient" parent="shibboleth.AbstractSAML2C14NFlowBean"
        p:formats="#{ {'urn:oasis:names:tc:SAML:2.0:nameid-format:transient'} }" />

    <bean id="c14n/SAML1Transient" parent="shibboleth.AbstractSAML1C14NFlowBean"
        p:formats="#{ {'urn:mace:shibboleth:1.0:nameIdentifier'} }" /> 

    <bean id="c14n/SAML1CryptoTransient" parent="shibboleth.AbstractSAML1C14NFlowBean" 
        p:formats="#{ {'urn:mace:shibboleth:1.0:nameIdentifier'} }" /> 

    <bean id="c14n/SAML2Transform" parent="shibboleth.AbstractSAML2C14NFlowBean"
            p:formats-ref="shibboleth.NameTransformFormats">
        <property name="activationCondition">
            <bean class="com.google.common.base.Predicates" factory-method="and">
                <constructor-arg>
                    <list>
                        <bean class="net.shibboleth.idp.saml.nameid.impl.NameIDCanonicalization.ActivationCondition" />
                        <ref bean="shibboleth.NameTransformPredicate" />
                    </list>
                </constructor-arg>
            </bean>
        </property>
    </bean>
               
    <bean id="c14n/SAML1Transform" parent="shibboleth.AbstractSAML1C14NFlowBean"
            p:formats-ref="shibboleth.NameTransformFormats"> 
        <property name="activationCondition">
            <bean class="com.google.common.base.Predicates" factory-method="and">
                <constructor-arg>
                    <list>
                        <bean class="net.shibboleth.idp.saml.nameid.impl.NameIdentifierCanonicalization.ActivationCondition" />
                        <ref bean="shibboleth.NameTransformPredicate" />
                    </list>
                </constructor-arg>
            </bean>
        </property>
    </bean>
            
</beans>
