<?xml version="1.0" encoding="UTF-8"?>
<beans xmlns="http://www.springframework.org/schema/beans"
       xmlns:context="http://www.springframework.org/schema/context"
       xmlns:util="http://www.springframework.org/schema/util"
       xmlns:p="http://www.springframework.org/schema/p"
       xmlns:c="http://www.springframework.org/schema/c"
       xmlns:xsi="http://www.w3.org/2001/XMLSchema-instance"
       xsi:schemaLocation="http://www.springframework.org/schema/beans http://www.springframework.org/schema/beans/spring-beans.xsd
                           http://www.springframework.org/schema/context http://www.springframework.org/schema/context/spring-context.xsd
                           http://www.springframework.org/schema/util http://www.springframework.org/schema/util/spring-util.xsd"
                           
       default-init-method="initialize"
       default-destroy-method="destroy">

    <bean class="org.springframework.context.support.PropertySourcesPlaceholderConfigurer"
        p:placeholderPrefix="%{" p:placeholderSuffix="}" />

    <bean class="net.shibboleth.idp.profile.impl.ProfileActionBeanPostProcessor" />
    
    <bean id="MessageReplaySecurityHandler"
            class="net.shibboleth.idp.profile.impl.WebFlowMessageHandlerAdaptor" scope="prototype"
            c:executionDirection="INBOUND">
        <constructor-arg name="messageHandler">
            <bean class="org.opensaml.saml.common.binding.security.impl.MessageReplaySecurityHandler" scope="prototype"
                p:replayCache-ref="shibboleth.ReplayCache"
                p:expires="%{idp.policy.messageLifetime:PT3M}" />
        </constructor-arg>
        <property name="errorEvent">
            <util:constant static-field="org.opensaml.profile.action.EventIds.MESSAGE_REPLAY" />
        </property>
    </bean>

    <bean id="OptionalMessageReplaySecurityHandler"
            class="net.shibboleth.idp.profile.impl.WebFlowMessageHandlerAdaptor" scope="prototype"
            c:executionDirection="INBOUND">
        <constructor-arg name="messageHandler">
            <bean class="org.opensaml.saml.common.binding.security.impl.MessageReplaySecurityHandler" scope="prototype"
                p:requiredRule="false"
                p:replayCache-ref="shibboleth.ReplayCache"
                p:expires="%{idp.policy.messageLifetime:PT3M}" />
        </constructor-arg>
        <property name="errorEvent">
            <util:constant static-field="org.opensaml.profile.action.EventIds.MESSAGE_REPLAY" />
        </property>
    </bean>

    <bean id="MessageLifetimeSecurityHandler"
            class="net.shibboleth.idp.profile.impl.WebFlowMessageHandlerAdaptor" scope="prototype"
            c:executionDirection="INBOUND">
        <constructor-arg name="messageHandler">
            <bean class="org.opensaml.saml.common.binding.security.impl.MessageLifetimeSecurityHandler" scope="prototype"
                p:messageLifetime="%{idp.policy.messageLifetime:PT3M}"
                p:clockSkew="%{idp.policy.clockSkew:PT3M}" />
        </constructor-arg>
        <property name="errorEvent">
            <util:constant static-field="org.opensaml.profile.action.EventIds.MESSAGE_EXPIRED" />
        </property>
    </bean>

    <bean id="OptionalMessageLifetimeSecurityHandler"
            class="net.shibboleth.idp.profile.impl.WebFlowMessageHandlerAdaptor" scope="prototype"
            c:executionDirection="INBOUND">
        <constructor-arg name="messageHandler">
            <bean class="org.opensaml.saml.common.binding.security.impl.MessageLifetimeSecurityHandler" scope="prototype"
                p:requiredRule="false"
                p:messageLifetime="%{idp.policy.messageLifetime:PT3M}"
                p:clockSkew="%{idp.policy.clockSkew:PT3M}" />
        </constructor-arg>
        <property name="errorEvent">
            <util:constant static-field="org.opensaml.profile.action.EventIds.MESSAGE_EXPIRED" />
        </property>
    </bean>

    <bean id="CheckMandatoryIssuer"
            class="net.shibboleth.idp.profile.impl.WebFlowMessageHandlerAdaptor" scope="prototype"
            c:executionDirection="INBOUND">
        <constructor-arg name="messageHandler">
            <bean class="org.opensaml.messaging.handler.impl.CheckMandatoryIssuer" scope="prototype">
                <property name="issuerLookupStrategy">
                    <bean class="org.opensaml.saml.common.messaging.context.navigate.SAMLMessageContextIssuerFunction" />
                </property>
            </bean>
        </constructor-arg>
        <property name="errorEvent">
            <util:constant static-field="org.opensaml.profile.action.EventIds.MESSAGE_AUTHN_ERROR" />
        </property>
    </bean>

    <bean id="ReceivedEndpointSecurityHandler"
            class="net.shibboleth.idp.profile.impl.WebFlowMessageHandlerAdaptor" scope="prototype"
            c:executionDirection="INBOUND">
        <constructor-arg name="messageHandler">
            <bean class="org.opensaml.saml.common.binding.security.impl.ReceivedEndpointSecurityHandler" scope="prototype"
                p:httpServletRequest-ref="shibboleth.HttpServletRequest" />
        </constructor-arg>
        <property name="errorEvent">
            <util:constant static-field="org.opensaml.profile.action.EventIds.MESSAGE_AUTHN_ERROR" />
        </property>
    </bean>

    <bean id="SAMLMDClientCertAuthSecurityHandler"
            class="net.shibboleth.idp.profile.impl.WebFlowMessageHandlerAdaptor" scope="prototype"
            c:executionDirection="INBOUND">
        <constructor-arg name="messageHandler">
            <bean class="org.opensaml.saml.common.binding.security.impl.SAMLMDClientCertAuthSecurityHandler" scope="prototype"
                    p:httpServletRequest-ref="shibboleth.HttpServletRequest" />
        </constructor-arg>
        <property name="activationCondition">
            <bean class="com.google.common.base.Predicates" factory-method="not"
                c:predicate-ref="shibboleth.Conditions.BrowserProfile" />
        </property>
        <property name="errorEvent">
            <util:constant static-field="org.opensaml.profile.action.EventIds.MESSAGE_AUTHN_ERROR" />
        </property>
    </bean>

    <bean id="SAMLProtocolMessageXMLSignatureSecurityHandler"
            class="net.shibboleth.idp.profile.impl.WebFlowMessageHandlerAdaptor" scope="prototype"
            c:executionDirection="INBOUND">
        <constructor-arg name="messageHandler">
            <bean class="org.opensaml.saml.common.binding.security.impl.SAMLProtocolMessageXMLSignatureSecurityHandler" scope="prototype" />
        </constructor-arg>
        <property name="errorEvent">
            <util:constant static-field="org.opensaml.profile.action.EventIds.MESSAGE_AUTHN_ERROR" />
        </property>
    </bean>

    <bean id="SAML2HTTPRedirectDeflateSignatureSecurityHandler"
            class="net.shibboleth.idp.profile.impl.WebFlowMessageHandlerAdaptor" scope="prototype"
            c:executionDirection="INBOUND">
        <constructor-arg name="messageHandler">
            <bean class="org.opensaml.saml.saml2.binding.security.impl.SAML2HTTPRedirectDeflateSignatureSecurityHandler" scope="prototype"
                p:httpServletRequest-ref="shibboleth.HttpServletRequest" />
        </constructor-arg>
        <property name="errorEvent">
            <util:constant static-field="org.opensaml.profile.action.EventIds.MESSAGE_AUTHN_ERROR" />
        </property>
    </bean>

    <bean id="SAML2HTTPPostSimpleSignSecurityHandler"
            class="net.shibboleth.idp.profile.impl.WebFlowMessageHandlerAdaptor" scope="prototype"
            c:executionDirection="INBOUND">
        <constructor-arg name="messageHandler">
            <bean class="org.opensaml.saml.saml2.binding.security.impl.SAML2HTTPPostSimpleSignSecurityHandler" scope="prototype"
                p:httpServletRequest-ref="shibboleth.HttpServletRequest"
                p:parser-ref="shibboleth.ParserPool"
                p:keyInfoResolver-ref="shibboleth.KeyInfoCredentialResolver" />
        </constructor-arg>
        <property name="errorEvent">
            <util:constant static-field="org.opensaml.profile.action.EventIds.MESSAGE_AUTHN_ERROR" />
        </property>
    </bean>
    
    <bean id="CheckMandatoryAuthentication"
            class="net.shibboleth.idp.profile.impl.WebFlowMessageHandlerAdaptor" scope="prototype"
            c:executionDirection="INBOUND">
        <constructor-arg name="messageHandler">
            <bean class="org.opensaml.messaging.handler.impl.CheckMandatoryAuthentication" scope="prototype">
                <property name="authenticationLookupStrategy">
                    <bean class="org.opensaml.saml.common.messaging.context.navigate.SAMLMessageContextAuthenticationFunction" />
                </property>
            </bean>
        </constructor-arg>
        <property name="errorEvent">
            <util:constant static-field="org.opensaml.profile.action.EventIds.MESSAGE_AUTHN_ERROR" />
        </property>
    </bean>

    <bean id="OptionalCheckMandatoryAuthentication"
            class="net.shibboleth.idp.profile.impl.WebFlowMessageHandlerAdaptor" scope="prototype"
            c:executionDirection="INBOUND"
            p:activationCondition="%{idp.logout.authenticated:true}">
        <constructor-arg name="messageHandler">
            <bean class="org.opensaml.messaging.handler.impl.CheckMandatoryAuthentication" scope="prototype">
                <property name="authenticationLookupStrategy">
                    <bean class="org.opensaml.saml.common.messaging.context.navigate.SAMLMessageContextAuthenticationFunction" />
                </property>
            </bean>
        </constructor-arg>
        <property name="errorEvent">
            <util:constant static-field="org.opensaml.profile.action.EventIds.MESSAGE_AUTHN_ERROR" />
        </property>
    </bean>

    <bean id="SAML2AuthnRequestsSignedSecurityHandler"
            class="net.shibboleth.idp.profile.impl.WebFlowMessageHandlerAdaptor" scope="prototype"
            c:executionDirection="INBOUND">
        <constructor-arg name="messageHandler">
            <bean class="org.opensaml.saml.saml2.binding.security.impl.SAML2AuthnRequestsSignedSecurityHandler" scope="prototype" />
        </constructor-arg>
        <property name="errorEvent">
            <util:constant static-field="org.opensaml.profile.action.EventIds.MESSAGE_AUTHN_ERROR" />
        </property>
    </bean>

    <bean id="ExtractChannelBindingsHeadersHandler"
            class="net.shibboleth.idp.profile.impl.WebFlowMessageHandlerAdaptor" scope="prototype"
            c:executionDirection="INBOUND">
        <constructor-arg name="messageHandler">
            <bean class="org.opensaml.saml.saml2.binding.security.impl.ExtractChannelBindingsHeadersHandler" scope="prototype" />
        </constructor-arg>
    </bean>

    <bean id="ExtractChannelBindingsExtensionsHandler"
            class="net.shibboleth.idp.profile.impl.WebFlowMessageHandlerAdaptor" scope="prototype"
            c:executionDirection="INBOUND">
        <constructor-arg name="messageHandler">
            <bean class="org.opensaml.saml.saml2.binding.security.impl.ExtractChannelBindingsExtensionsHandler" scope="prototype" />
        </constructor-arg>
    </bean>

</beans>
