<?xml version="1.0" encoding="UTF-8"?>
<beans xmlns="http://www.springframework.org/schema/beans"
       xmlns:c="http://www.springframework.org/schema/c"
       xmlns:context="http://www.springframework.org/schema/context"
       xmlns:p="http://www.springframework.org/schema/p"
       xmlns:util="http://www.springframework.org/schema/util"
       xmlns:xsi="http://www.w3.org/2001/XMLSchema-instance"
       xsi:schemaLocation="http://www.springframework.org/schema/beans http://www.springframework.org/schema/beans/spring-beans.xsd
                           http://www.springframework.org/schema/context http://www.springframework.org/schema/context/spring-context.xsd
                           http://www.springframework.org/schema/util http://www.springframework.org/schema/util/spring-util.xsd"
       default-init-method="initialize"
       default-destroy-method="destroy">

    <bean id="InitializeProfileRequestContext"
        class="net.shibboleth.idp.profile.impl.InitializeProfileRequestContext" scope="prototype"
        p:profileId="#{T(net.shibboleth.idp.saml.saml2.profile.config.ECPProfileConfiguration).PROFILE_ID}"
        p:loggingId="%{idp.service.logging.saml2sso:SSO}"
        p:browserProfile="false" />

    <bean id="DecodeMessage" class="org.opensaml.profile.action.impl.DecodeMessage" scope="prototype">
        <constructor-arg>
            <bean class="org.opensaml.saml.saml2.binding.decoding.impl.HTTPSOAP11Decoder" scope="prototype"
                p:parserPool-ref="shibboleth.ParserPool"
                p:httpServletRequest-ref="shibboleth.HttpServletRequest"
                p:bindingDescriptor-ref="shibboleth.Binding.SAML2SOAP" />
        </constructor-arg>
    </bean>
    
    <alias name="shibboleth.OutgoingECPBindings" alias="shibboleth.OutgoingBindings"/>
    
    <bean id="shibboleth.BindingSpecificMessageHandler"
            class="org.opensaml.messaging.handler.impl.BasicMessageHandlerChain" scope="prototype">
        <property name="handlers">
            <util:list>
                <bean class="org.opensaml.saml.saml2.binding.impl.AddECPResponseHeaderHandler" scope="prototype" />
                <bean class="org.opensaml.saml.saml2.binding.impl.AddRelayStateHeaderHandler" scope="prototype" />
                <bean class="org.opensaml.saml.saml2.binding.impl.AddRequestAuthenticatedHeaderHandler" scope="prototype" />
                <bean class="org.opensaml.saml.saml2.binding.impl.AddGeneratedKeyHeaderHandler" scope="prototype" />
                <bean class="org.opensaml.saml.common.binding.impl.AddChannelBindingsHeaderHandler" scope="prototype" />
            </util:list>
        </property>
    </bean>
    
</beans>
