<flow xmlns="http://www.springframework.org/schema/webflow" xmlns:xsi="http://www.w3.org/2001/XMLSchema-instance"
    xsi:schemaLocation="http://www.springframework.org/schema/webflow http://www.springframework.org/schema/webflow/spring-webflow.xsd"
    parent="authn.abstract">
    
    <!-- This is a login flow for executing an arbitrary multi-factor workflow consisting of other flows. -->
    
    <action-state id="PopulateMultiFactorAuthenticationContext">
        <evaluate expression="PopulateMultiFactorAuthenticationContext" />
        <evaluate expression="'proceed'" />
        
        <transition on="proceed" to="TransitionMultiFactorAuthentication" />
        
        <on-exit>
            <evaluate expression="opensamlProfileRequestContext.getSubcontext(T(net.shibboleth.idp.authn.context.AuthenticationContext)).getSubcontext(T(net.shibboleth.idp.authn.context.MultiFactorAuthenticationContext))" result="flowScope.mfaContext" />
        </on-exit>
    </action-state>
    
    <action-state id="TransitionMultiFactorAuthentication">
        <evaluate expression="TransitionMultiFactorAuthentication" />
        <evaluate expression="'proceed'" />
        
        <transition on="proceed" to="CheckProceed" />
    </action-state>
    
    <decision-state id="CheckProceed">
        <if test="mfaContext.getNextFlowId() != null" then="CallSubflow" else="FinalizeMultiFactorAuthentication" />
    </decision-state>
    
    <subflow-state id="CallSubflow" subflow="#{mfaContext.getNextFlowId()}">
        <input name="calledAsSubflow" value="true" />
        <transition to="TransitionMultiFactorAuthentication" />
    </subflow-state>
    
    <action-state id="FinalizeMultiFactorAuthentication">
        <evaluate expression="FinalizeMultiFactorAuthentication" />
        <evaluate expression="PopulateSubjectCanonicalizationContext" />
        <evaluate expression="'proceed'" />
        
        <transition on="proceed" to="CallSubjectCanonicalization" />
    </action-state>

    <!-- This runs a c14n step on the result of the authentication. -->
    <subflow-state id="CallSubjectCanonicalization" subflow="c14n">
        <input name="calledAsSubflow" value="true" />
        <transition on="proceed" to="proceed" />
        
        <!-- This shouldn't generally happen, but if c14n fails, it's allowable to fall through. -->
        <transition on="SubjectCanonicalizationError" to="ReselectFlow" />
    </subflow-state>

    <bean-import resource="mfa-authn-beans.xml" />

</flow>
