<flow xmlns="http://www.springframework.org/schema/webflow"
    xmlns:xsi="http://www.w3.org/2001/XMLSchema-instance"
    xsi:schemaLocation="http://www.springframework.org/schema/webflow http://www.springframework.org/schema/webflow/spring-webflow.xsd"
    parent="admin.abstract">

    <action-state id="CheckAccess">
        <evaluate expression="InitializeProfileRequestContext" />
        <evaluate expression="CheckAccess" />
        <evaluate expression="'proceed'" />
        
        <transition on="proceed" to="Status" />
    </action-state>
    
    <!-- Terminus -->

    <end-state id="Status" view="status">
        <on-entry>
            <evaluate expression="WriteAuditLog" />
            <evaluate expression="ServiceCollection" result="requestScope.services" />
            <evaluate expression="environment" result="requestScope.environment" />
            <evaluate expression="opensamlProfileRequestContext" result="requestScope.profileRequestContext" />
            <evaluate expression="T(net.shibboleth.utilities.java.support.codec.HTMLEncoder)" result="requestScope.encoder" />
            <evaluate expression="flowRequestContext.getExternalContext().getNativeRequest()" result="requestScope.request" />
            <evaluate expression="flowRequestContext.getExternalContext().getNativeResponse()" result="requestScope.response" />
            <evaluate expression="flowRequestContext.getActiveFlow().getApplicationContext().containsBean('shibboleth.CustomViewContext') ? flowRequestContext.getActiveFlow().getApplicationContext().getBean('shibboleth.CustomViewContext') : null" result="requestScope.custom" />
        </on-entry>
    </end-state>

    <bean-import resource="status-beans.xml" />

</flow>
