<?xml version="1.0" encoding="UTF-8"?>
<beans
    xmlns="http://www.springframework.org/schema/beans"
    xmlns:c="http://www.springframework.org/schema/c"
    xmlns:context="http://www.springframework.org/schema/context"
    xmlns:p="http://www.springframework.org/schema/p"
    xmlns:util="http://www.springframework.org/schema/util"
    xmlns:xsi="http://www.w3.org/2001/XMLSchema-instance"
    xsi:schemaLocation="http://www.springframework.org/schema/beans http://www.springframework.org/schema/beans/spring-beans.xsd
                           http://www.springframework.org/schema/context http://www.springframework.org/schema/context/spring-context.xsd
                           http://www.springframework.org/schema/util http://www.springframework.org/schema/util/spring-util.xsd"
    default-init-method="initialize"
    default-destroy-method="destroy">

    <bean class="org.springframework.context.support.PropertySourcesPlaceholderConfigurer"
        p:placeholderPrefix="%{" p:placeholderSuffix="}" />

    <bean class="net.shibboleth.ext.spring.config.IdentifiableBeanPostProcessor" />
    <bean class="net.shibboleth.idp.profile.impl.ProfileActionBeanPostProcessor" />

    <!-- Declares audit field extractor functions injected into beans that populate the audit context. -->
    <import resource="../../conf/audit-system.xml" />

    <bean id="InitializeProfileRequestContext"
        class="net.shibboleth.idp.profile.impl.InitializeProfileRequestContext" scope="prototype"
        p:profileId="http://shibboleth.net/ns/profiles/logout-propagation"
        p:loggingId="%{idp.service.logging.logout-propagation:LogoutPropagation}"
        p:browserProfile="true" />

    <bean id="PopulateMetricContext"
        class="org.opensaml.profile.action.impl.PopulateMetricContext" scope="prototype"
        p:metricStrategy="#{getObject('shibboleth.metrics.MetricStrategy')}" />

    <bean id="PopulateLogoutPropagationContext"
        class="net.shibboleth.idp.session.impl.PopulateLogoutPropagationContext" scope="prototype"
        p:SPSessionSerializerRegistry-ref="shibboleth.SPSessionSerializerRegistry"
        p:dataSealer="#{'%{idp.sealer.storeResource:}'.trim().length() > 0 ? getObject('shibboleth.DataSealer') : null}" />

    <bean id="PopulateUserAgentContext"
          class="net.shibboleth.idp.profile.impl.PopulateUserAgentContext" scope="prototype"
          p:httpServletRequest-ref="shibboleth.HttpServletRequest" />
        
    <bean id="SelectPropagationFlow"
        class="net.shibboleth.idp.session.impl.SelectLogoutPropagationFlow" scope="prototype"
        c:selector-ref="shibboleth.LogoutPropagationFlowSelector" />

    <bean id="WriteAuditLog" class="net.shibboleth.idp.profile.audit.impl.WriteAuditLog" scope="prototype"
        p:dateTimeFormat="#{getObject('shibboleth.AuditDateTimeFormat')}"
        p:useDefaultTimeZone="#{getObject('shibboleth.AuditDefaultTimeZone') ?: false}"
        p:formattingMap-ref="shibboleth.AuditFormattingMap"
        p:httpServletRequest-ref="shibboleth.HttpServletRequest" />

    <bean id="RecordResponseComplete"
        class="net.shibboleth.idp.profile.impl.RecordResponseComplete" scope="prototype" />
</beans>
