<?xml version="1.0" encoding="UTF-8"?>
<beans
    xmlns="http://www.springframework.org/schema/beans"
    xmlns:c="http://www.springframework.org/schema/c"
    xmlns:context="http://www.springframework.org/schema/context"
    xmlns:p="http://www.springframework.org/schema/p"
    xmlns:util="http://www.springframework.org/schema/util"
    xmlns:xsi="http://www.w3.org/2001/XMLSchema-instance"
    xsi:schemaLocation="http://www.springframework.org/schema/beans http://www.springframework.org/schema/beans/spring-beans.xsd
                           http://www.springframework.org/schema/context http://www.springframework.org/schema/context/spring-context.xsd
                           http://www.springframework.org/schema/util http://www.springframework.org/schema/util/spring-util.xsd"
    default-init-method="initialize"
    default-destroy-method="destroy">

    <bean class="org.springframework.context.support.PropertySourcesPlaceholderConfigurer"
        p:placeholderPrefix="%{" p:placeholderSuffix="}" />
        
    <bean class="net.shibboleth.idp.profile.impl.ProfileActionBeanPostProcessor" />
    <bean class="net.shibboleth.ext.spring.config.IdentifiableBeanPostProcessor" />

    <import resource="common-beans.xml" />

    <util:constant id="shibboleth.EndpointType"
        static-field="org.opensaml.saml.saml2.metadata.SingleLogoutService.DEFAULT_ELEMENT_NAME" />

    <bean id="InitializeProfileRequestContext" class="net.shibboleth.idp.profile.impl.InitializeProfileRequestContext"
        p:profileId="#{T(net.shibboleth.idp.saml.saml2.profile.config.SingleLogoutProfileConfiguration).PROFILE_ID}"
        p:loggingId="%{idp.service.logging.saml2slo:Logout}"
        p:browserProfile="true" />

    <bean id="DecodeMessage" class="org.opensaml.profile.action.impl.DecodeMessage" scope="prototype">
        <constructor-arg>
            <bean class="org.opensaml.saml.saml2.binding.decoding.impl.HTTPSOAP11Decoder" scope="prototype"
                p:parserPool-ref="shibboleth.ParserPool"
                p:httpServletRequest-ref="shibboleth.HttpServletRequest" />
        </constructor-arg>
    </bean>

    <bean id="InitializeMessageChannelSecurityContext"
        class="org.opensaml.profile.action.impl.HttpServletRequestMessageChannelSecurity" scope="prototype"
        p:httpServletRequest-ref="shibboleth.HttpServletRequest"
        p:defaultPortInsecure="%{idp.security.defaultPortInsecure:true}" />

    <alias name="shibboleth.OutgoingSOAPBindings" alias="shibboleth.OutgoingBindings"/>

    <bean id="ProcessLogoutRequest"
        class="net.shibboleth.idp.saml.saml2.profile.impl.ProcessLogoutRequest" scope="prototype"
        p:sessionManager-ref="shibboleth.SessionManager"
        p:sessionResolver-ref="shibboleth.SessionManager" />
    
    <bean id="LogoutPopulateAuditContext"
        class="net.shibboleth.idp.profile.audit.impl.PopulateAuditContext" scope="prototype"
        p:fieldExtractors-ref="shibboleth.LogoutAuditExtractors"
        p:formattingMap-ref="shibboleth.AuditFormattingMap" />
    
    <!--
    TODO: will be used when logout propagation is enabled
    <bean id="PopulateMultiRPContextFromLogoutContext"
        class="net.shibboleth.idp.session.impl.PopulateMultiRPContextFromLogoutContext" scope="prototype"
        p:roleDescriptorResolver-ref="shibboleth.RoleDescriptorResolver"
        p:sessionTypeProtocolMap-ref="shibboleth.SessionTypeProtocolMap" />
    -->
    
    <bean id="AddLogoutResponse" class="org.opensaml.saml.saml2.profile.impl.AddStatusResponseShell" scope="prototype"
            p:overwriteExisting="true"
            p:issuerLookupStrategy-ref="shibboleth.ResponderIdLookup.Simple"
            p:messageType="#{T(org.opensaml.saml.saml2.core.LogoutResponse).DEFAULT_ELEMENT_NAME}">
        <property name="identifierGeneratorLookupStrategy">
            <bean class="net.shibboleth.idp.profile.config.navigate.IdentifierGenerationStrategyLookupFunction"
                p:defaultIdentifierGenerationStrategy-ref="shibboleth.DefaultIdentifierGenerationStrategy" />
        </property>
    </bean>

    <bean id="shibboleth.PreEncodeMessageHandler"
            class="org.opensaml.messaging.handler.impl.BasicMessageHandlerChain" scope="prototype">
        <property name="handlers">
            <util:list>
                <!-- TODO outbound handlers -->
                <bean class="org.opensaml.saml.common.binding.security.impl.SAMLOutboundProtocolMessageSigningHandler"
                    scope="prototype" p:signErrorResponses="%{idp.errors.signed:true}" />
            </util:list>
        </property>
    </bean>

</beans>
